Workbook

Sheet PROCESI_Prioriteti
A1: TABLICA ODLUČIVANJA
B3: Financije | D3: Posao
B4: P | C4: B | D4: F | E4: T | F4: G | J4: PROCESI
A5: P1 | B5: 6 k | C5: 5 | D5: 4 | E5: 4.6 | F5: 7 | L5: popunjavamo
A6: P2 | B6: 5 k | C6: 6 | D6: 4 | E6: 4.2 | F6: 5
A7: P3 | B7: 7 k | C7: 3 | D7: 5 | E7: 3.2 | F7: 12 | J7: K | L7: K1 | N7: K2 | P7: K3 | R7: K4 | T7: K5 | V7: K6 | Y7: UP
L8: =PROCESIUsporedbaKriteriji!AE19 -> 0.20874704 | N8: =PROCESIUsporedbaKriteriji!AE20 -> 0.16591117 | P8: =PROCESIUsporedbaKriteriji!AE21 -> 0.2555546 | R8: =PROCESIUsporedbaKriteriji!AE22 -> 0.15390027 | T8: =PROCESIUsporedbaKriteriji!AE23 -> 0.050233523 | V8: =PROCESIUsporedbaKriteriji!AE24 -> 0.1656534
A9: TABLICA PRIORITETA | J9: U | K9: PK | L9: PK1.1 | M9: PK1.2 | N9: PK2.1 | O9: PK2.2 | P9: PK3.1 | Q9: PK3.2 | R9: PK4.1 | S9: PK4.2 | T9: PK5.1 | U9: PK5.2 | V9: PK6.1 | W9: PK6.2 | X9: PK6.3
L10: =PKFinancijskaUčinkovitost!P11 -> 0.61351179 | M10: =PKFinancijskaUčinkovitost!P12 -> 0.38648821 | N10: =PKKvalitetaTočnost!P11 -> 0.5 | O10: =PKKvalitetaTočnost!P12 -> 0.5 | P10: =PKUbrzanjeProcesa!P11 -> 0.55750667 | Q10: =PKUbrzanjeProcesa!P12 -> 0.44249333 | R10: =PKLjudskiResursi!P11 -> 0.61351179 | S10: =PKLjudskiResursi!P12 -> 0.38648821 | T10: =PKPoboljšanjeIskustva!P11 -> 0.53373742 | U10: =PKPoboljšanjeIskustva!P12 -> 0.46626258 | V10: =PKUtjecajNaOrgUčinkovitost!T15 -> 0.2157761 | W10: =PKUtjecajNaOrgUčinkovitost!T16 -> 0.53256163 | X10: =PKUtjecajNaOrgUčinkovitost!T17 -> 0.25166227
B11: Financije | D11: Posao | G11: UP | J11: P1 | L11: =TrošakProvedbeProcesa!T15 -> 0.44330345 | M11: =UštedaUOdnosuNaPrije!T15 -> 0.55051855 | N11: =TočnostPrikupljenihInfo!T15 -> 0.51288054 | O11: =OperativnePogreške!T15 -> 0.37050756 | P11: =TrajanjeProcesa!T15 -> 0.51430896 | Q11: =RazinaAutoRutinskihKoraka!T15 -> 0.16208762 | R11: =OpsegRučnihOperacija!T15 -> 0.34300713 | S11: =BrojPotrebnihLjudiPROCESI!T15 -> 0.29395129 | T11: =TransparentnostPostupaka!T15 -> 0.37592585 | U11: =KomunikacijaIPristupPodacima!T15 -> 0.40002126 | V11: =KoordinacijaIzmeđuOdjela!T15 -> 0.53703124 | W11: =AdministrativnoOpterećenje!T15 -> 0.56407897 | X11: =PraćenjeIKontorlaProcesa!T15 -> 0.260366 | Y11: =L$8*L$10*L11+L$8*M$10*M11+N$8*N$10*N11+N$8*O$10*O11+P$8*P$10*P11+P$8*Q$10*Q11+R$8*R$10*R11+R$8*S$10*S11+T$8*T$10*T11+T$8*U$10*U11+V$8*V$10*V11+V$8*W$10*W11+V$8*X$10*X11 -> 0.41520745
J12: P2 | L12: =TrošakProvedbeProcesa!T16 -> 0.41068315 | M12: =UštedaUOdnosuNaPrije!T16 -> 0.28629628 | N12: =TočnostPrikupljenihInfo!T16 -> 0.33519816 | O12: =OperativnePogreške!T16 -> 0.45057211 | P12: =TrajanjeProcesa!T16 -> 0.33156685 | Q12: =RazinaAutoRutinskihKoraka!T16 -> 0.3006598 | R12: =OpsegRučnihOperacija!T16 -> 0.39999379 | S12: =BrojPotrebnihLjudiPROCESI!T16 -> 0.53414495 | T12: =TransparentnostPostupaka!T16 -> 0.40306529 | U12: =KomunikacijaIPristupPodacima!T16 -> 0.47612861 | V12: =KoordinacijaIzmeđuOdjela!T16 -> 0.30998654 | W12: =AdministrativnoOpterećenje!T16 -> 0.31680936 | X12: =PraćenjeIKontorlaProcesa!T16 -> 0.40492095 | Y12: =L$8*L$10*L12+L$8*M$10*M12+N$8*N$10*N12+N$8*O$10*O12+P$8*P$10*P12+P$8*Q$10*Q12+R$8*R$10*R12+R$8*S$10*S12+T$8*T$10*T12+T$8*U$10*U12+V$8*V$10*V12+V$8*W$10*W12+V$8*X$10*X12 -> 0.36952319
B13: P | C13: B | D13: F | E13: T | F13: G | J13: P3 | L13: =TrošakProvedbeProcesa!T17 -> 0.1460134 | M13: =UštedaUOdnosuNaPrije!T17 -> 0.16318517 | N13: =TočnostPrikupljenihInfo!T17 -> 0.15192131 | O13: =OperativnePogreške!T17 -> 0.17892033 | P13: =TrajanjeProcesa!T17 -> 0.15412419 | Q13: =RazinaAutoRutinskihKoraka!T17 -> 0.53725258 | R13: =OpsegRučnihOperacija!T17 -> 0.25699908 | S13: =BrojPotrebnihLjudiPROCESI!T17 -> 0.17190376 | T13: =TransparentnostPostupaka!T17 -> 0.22100886 | U13: =KomunikacijaIPristupPodacima!T17 -> 0.12385013 | V13: =KoordinacijaIzmeđuOdjela!T17 -> 0.15298222 | W13: =AdministrativnoOpterećenje!T17 -> 0.11911166 | X13: =PraćenjeIKontorlaProcesa!T17 -> 0.33471305 | Y13: =L$8*L$10*L13+L$8*M$10*M13+N$8*N$10*N13+N$8*O$10*O13+P$8*P$10*P13+P$8*Q$10*Q13+R$8*R$10*R13+R$8*S$10*S13+T$8*T$10*T13+T$8*U$10*U13+V$8*V$10*V13+V$8*W$10*W13+V$8*X$10*X13 -> 0.21526935
A15: P1
A16: P2
A17: P3

Sheet PROCESI_AO
C4: AO | D4: PROMJENE | J4: PROCESI
C5: K1-0,05 | D5: NEMA
C6: K1+0,05 | D6: NEMA
C7: K2-0,05 | D7: NEMA | J7: K | L7: K1 | N7: K2 | P7: K3 | R7: K4 | T7: K5 | V7: K6 | Y7: UP
C8: K2+0,05 | D8: NEMA | L8: =PROCESIUsporedbaKriteriji!AE19 -> 0.20874704 | N8: =PROCESIUsporedbaKriteriji!AE20 -> 0.16591117 | P8: =PROCESIUsporedbaKriteriji!AE21 -> 0.2555546 | R8: =PROCESIUsporedbaKriteriji!AE22 -> 0.15390027 | T8: =PROCESIUsporedbaKriteriji!AE23 -> 0.050233523 | V8: =PROCESIUsporedbaKriteriji!AE24 -> 0.1656534
C9: K3-0,05 | D9: NEMA | J9: U | K9: PK | L9: PK1.1 | M9: PK1.2 | N9: PK2.1 | O9: PK2.2 | P9: PK3.1 | Q9: PK3.2 | R9: PK4.1 | S9: PK4.2 | T9: PK5.1 | U9: PK5.2 | V9: PK6.1 | W9: PK6.2 | X9: PK6.3
C10: K3+0,05 | D10: NEMA | L10: 0.61351179 | M10: 0.38648821 | N10: 0.5 | O10: 0.5 | P10: 0.55750667 | Q10: 0.44249333 | R10: 0.61351179 | S10: 0.38648821 | T10: 0.53373742 | U10: 0.46626258 | V10: 0.2157761 | W10: 0.53256163 | X10: 0.25166227
C11: K4-0,05 | D11: NEMA | J11: P1 | L11: 0.44330345 | M11: 0.55051855 | N11: 0.51288054 | O11: 0.37050756 | P11: 0.51430896 | Q11: 0.16208762 | R11: 0.34300713 | S11: 0.29395129 | T11: 0.37592585 | U11: 0.40002126 | V11: 0.53703124 | W11: 0.56407897 | X11: 0.260366 | Y11: =L$8*L$10*L11+L$8*M$10*M11+N$8*N$10*N11+N$8*O$10*O11+P$8*P$10*P11+P$8*Q$10*Q11+R$8*R$10*R11+R$8*S$10*S11+T$8*T$10*T11+T$8*U$10*U11+V$8*V$10*V11+V$8*W$10*W11+V$8*X$10*X11 -> 0.41520745 | Z11: 1.
C12: K4+0,05 | D12: NEMA | J12: P2 | L12: 0.41068315 | M12: 0.28629628 | N12: 0.33519816 | O12: 0.45057211 | P12: 0.33156685 | Q12: 0.3006598 | R12: 0.39999379 | S12: 0.53414495 | T12: 0.40306529 | U12: 0.47612861 | V12: 0.30998654 | W12: 0.31680936 | X12: 0.40492095 | Y12: =L$8*L$10*L12+L$8*M$10*M12+N$8*N$10*N12+N$8*O$10*O12+P$8*P$10*P12+P$8*Q$10*Q12+R$8*R$10*R12+R$8*S$10*S12+T$8*T$10*T12+T$8*U$10*U12+V$8*V$10*V12+V$8*W$10*W12+V$8*X$10*X12 -> 0.36952319 | Z12: 2.
C13: K5-0,05 | D13: NEMA | J13: P3 | L13: 0.1460134 | M13: 0.16318517 | N13: 0.15192131 | O13: 0.17892033 | P13: 0.15412419 | Q13: 0.53725258 | R13: 0.25699908 | S13: 0.17190376 | T13: 0.22100886 | U13: 0.12385013 | V13: 0.15298222 | W13: 0.11911166 | X13: 0.33471305 | Y13: =L$8*L$10*L13+L$8*M$10*M13+N$8*N$10*N13+N$8*O$10*O13+P$8*P$10*P13+P$8*Q$10*Q13+R$8*R$10*R13+R$8*S$10*S13+T$8*T$10*T13+T$8*U$10*U13+V$8*V$10*V13+V$8*W$10*W13+V$8*X$10*X13 -> 0.21526935 | Z13: 3.
C14: K5+0,05 | D14: NEMA
C15: K6-0,05 | D15: NEMA
C16: K6+0,05 | D16: NEMA
J18: AO: K1-0,05 | AE18: AO: K4-0,05
J19: K | L19: K1 | N19: K2 | P19: K3 | R19: K4 | T19: K5 | V19: K6 | Y19: UP | AE19: K | AG19: K1 | AI19: K2 | AK19: K3 | AM19: K4 | AO19: K5 | AQ19: K6 | AT19: UP
L20: =L8-0.05 -> 0.15874704 | N20: =N8+N8/(N8+P8+R8+T8+V8)*0.05 -> 0.17639524 | P20: =P8+P8/(N8+P8+R8+T8+V8)*0.05 -> 0.27170333 | R20: =R8+R8/(N8+P8+R8+T8+V8)*0.05 -> 0.16362537 | T20: =T8+T8/(N8+P8+R8+T8+V8)*0.05 -> 0.053407825 | V20: =V8+V8/(N8+P8+R8+T8+V8)*0.05 -> 0.17612119 | AG20: =L8+L8/(L8+N8+P8+T8+V8)*0.05 -> 0.22108288 | AI20: =N8+N8/(L8+N8+P8+T8+V8)*0.05 -> 0.17571563 | AK20: =P8+P8/(L8+P8+N8+T8+V8)*0.05 -> 0.27065652 | AM20: =R8-0.05 -> 0.10390027 | AO20: =T8+T8/(L8+P8+N8+T8+V8)*0.05 -> 0.053202058 | AQ20: =V8+V8/(L8+P8+N8+T8+V8)*0.05 -> 0.17544264
J21: U | K21: PK | L21: PK1.1 | M21: PK1.2 | N21: PK2.1 | O21: PK2.2 | P21: PK3.1 | Q21: PK3.2 | R21: PK4.1 | S21: PK4.2 | T21: PK5.1 | U21: PK5.2 | V21: PK6.1 | W21: PK6.2 | X21: PK6.3 | AE21: U | AF21: PK | AG21: PK1.1 | AH21: PK1.2 | AI21: PK2.1 | AJ21: PK2.2 | AK21: PK3.1 | AL21: PK3.2 | AM21: PK4.1 | AN21: PK4.2 | AO21: PK5.1 | AP21: PK5.2 | AQ21: PK6.1 | AR21: PK6.2 | AS21: PK6.3
L22: 0.61351179 | M22: 0.38648821 | N22: 0.5 | O22: 0.5 | P22: 0.55750667 | Q22: 0.44249333 | R22: 0.61351179 | S22: 0.38648821 | T22: 0.53373742 | U22: 0.46626258 | V22: 0.2157761 | W22: 0.53256163 | X22: 0.25166227 | AG22: 0.61351179 | AH22: 0.38648821 | AI22: 0.5 | AJ22: 0.5 | AK22: 0.55750667 | AL22: 0.44249333 | AM22: 0.61351179 | AN22: 0.38648821 | AO22: 0.53373742 | AP22: 0.46626258 | AQ22: 0.2157761 | AR22: 0.53256163 | AS22: 0.25166227
J23: P1 | L23: 0.44330345 | M23: 0.55051855 | N23: 0.51288054 | O23: 0.37050756 | P23: 0.51430896 | Q23: 0.16208762 | R23: 0.34300713 | S23: 0.29395129 | T23: 0.37592585 | U23: 0.40002126 | V23: 0.53703124 | W23: 0.56407897 | X23: 0.260366 | Y23: =L$20*L$22*L23+L$20*M$22*M23+N$20*N$22*N23+N$20*O$22*O23+P$20*P$22*P23+P$20*Q$22*Q23+R$20*R$22*R23+R$20*S$22*S23+T$20*T$22*T23+T$20*U$22*U23+V$20*V$22*V23+V$20*W$22*W23+V$20*X$22*X23 -> 0.41081358 | Z23: 1. | AE23: P1 | AG23: 0.44330345 | AH23: 0.55051855 | AI23: 0.51288054 | AJ23: 0.37050756 | AK23: 0.51430896 | AL23: 0.16208762 | AM23: 0.34300713 | AN23: 0.29395129 | AO23: 0.37592585 | AP23: 0.40002126 | AQ23: 0.53703124 | AR23: 0.56407897 | AS23: 0.260366 | AT23: =AG$20*AG$22*AG23+AG$20*AH$22*AH23+AI$20*AI$22*AI23+AI$20*AJ$22*AJ23+AK$20*AK$22*AK23+AK$20*AL$22*AL23+AM$20*AM$22*AM23+AM$20*AN$22*AN23+AO$20*AO$22*AO23+AO$20*AP$22*AP23+AQ$20*AQ$22*AQ23+AQ$20*AR$22*AR23+AQ$20*AS$22*AS23 -> 0.42059452 | AU23: 1
J24: P2 | L24: 0.41068315 | M24: 0.28629628 | N24: 0.33519816 | O24: 0.45057211 | P24: 0.33156685 | Q24: 0.3006598 | R24: 0.39999379 | S24: 0.53414495 | T24: 0.40306529 | U24: 0.47612861 | V24: 0.30998654 | W24: 0.31680936 | X24: 0.40492095 | Y24: =L$20*L$22*L24+L$20*M$22*M24+N$20*N$22*N24+N$20*O$22*O24+P$20*P$22*P24+P$20*Q$22*Q24+R$20*R$22*R24+R$20*S$22*S24+T$20*T$22*T24+T$20*U$22*U24+V$20*V$22*V24+V$20*W$22*W24+V$20*X$22*X24 -> 0.3699601 | Z24: 2. | AE24: P2 | AG24: 0.41068315 | AH24: 0.28629628 | AI24: 0.33519816 | AJ24: 0.45057211 | AK24: 0.33156685 | AL24: 0.3006598 | AM24: 0.39999379 | AN24: 0.53414495 | AO24: 0.40306529 | AP24: 0.47612861 | AQ24: 0.30998654 | AR24: 0.31680936 | AS24: 0.40492095 | AT24: =AG$20*AG$22*AG24+AG$20*AH$22*AH24+AI$20*AI$22*AI24+AI$20*AJ$22*AJ24+AK$20*AK$22*AK24+AK$20*AL$22*AL24+AM$20*AM$22*AM24+AM$20*AN$22*AN24+AO$20*AO$22*AO24+AO$20*AP$22*AP24+AQ$20*AQ$22*AQ24+AQ$20*AR$22*AR24+AQ$20*AS$22*AS24 -> 0.36465861 | AU24: 2
J25: P3 | L25: 0.1460134 | M25: 0.16318517 | N25: 0.15192131 | O25: 0.17892033 | P25: 0.15412419 | Q25: 0.53725258 | R25: 0.25699908 | S25: 0.17190376 | T25: 0.22100886 | U25: 0.12385013 | V25: 0.15298222 | W25: 0.11911166 | X25: 0.33471305 | Y25: =L$20*L$22*L25+L$20*M$22*M25+N$20*N$22*N25+N$20*O$22*O25+P$20*P$22*P25+P$20*Q$22*Q25+R$20*R$22*R25+R$20*S$22*S25+T$20*T$22*T25+T$20*U$22*U25+V$20*V$22*V25+V$20*W$22*W25+V$20*X$22*X25 -> 0.21922632 | Z25: 3. | AE25: P3 | AG25: 0.1460134 | AH25: 0.16318517 | AI25: 0.15192131 | AJ25: 0.17892033 | AK25: 0.15412419 | AL25: 0.53725258 | AM25: 0.25699908 | AN25: 0.17190376 | AO25: 0.22100886 | AP25: 0.12385013 | AQ25: 0.15298222 | AR25: 0.11911166 | AS25: 0.33471305 | AT25: =AG$20*AG$22*AG25+AG$20*AH$22*AH25+AI$20*AI$22*AI25+AI$20*AJ$22*AJ25+AK$20*AK$22*AK25+AK$20*AL$22*AL25+AM$20*AM$22*AM25+AM$20*AN$22*AN25+AO$20*AO$22*AO25+AO$20*AP$22*AP25+AQ$20*AQ$22*AQ25+AQ$20*AR$22*AR25+AQ$20*AS$22*AS25 -> 0.21474687 | AU25: 3
J29: AO: K1+0,05
J30: K | L30: K1 | N30: K2 | P30: K3 | R30: K4 | T30: K5 | V30: K6 | Y30: UP | AE30: AO:K4+0.05
L31: =L8+0.05 -> 0.25874704 | N31: =N8-N8/(N8+P8+R8+T8+V8)*0.05 -> 0.15542709 | P31: =P8-P8/(N8+P8+R8+T8+V8)*0.05 -> 0.23940587 | R31: =R8-R8/(N8+P8+R8+T8+V8)*0.05 -> 0.14417517 | T31: =T8-T8/(N8+P8+R8+T8+V8)*0.05 -> 0.047059221 | V31: =V8-V8/(N8+P8+R8+T8+V8)*0.05 -> 0.15518561 | AE31: K | AG31: K1 | AI31: K2 | AK31: K3 | AM31: K4 | AO31: K5 | AQ31: K6 | AT31: UP
J32: U | K32: PK | L32: PK1.1 | M32: PK1.2 | N32: PK2.1 | O32: PK2.2 | P32: PK3.1 | Q32: PK3.2 | R32: PK4.1 | S32: PK4.2 | T32: PK5.1 | U32: PK5.2 | V32: PK6.1 | W32: PK6.2 | X32: PK6.3 | AG32: =L8-L8/(L8+P8+N8+T8+V8)*0.05 -> 0.1964112 | AI32: =N8-N8/(L8+N8+P8+T8+V8)*0.05 -> 0.1561067 | AK32: =P8-P8/(L8+P8+N8+T8+V8)*0.05 -> 0.24045268 | AM32: =R8+0.05 -> 0.20390027 | AO32: =T8-T8/(L8+P8+N8+T8+V8)*0.05 -> 0.047264989 | AQ32: =V8-V8/(L8+P8+N8+T8+V8)*0.05 -> 0.15586416
L33: 0.61351179 | M33: 0.38648821 | N33: 0.5 | O33: 0.5 | P33: 0.55750667 | Q33: 0.44249333 | R33: 0.61351179 | S33: 0.38648821 | T33: 0.53373742 | U33: 0.46626258 | V33: 0.2157761 | W33: 0.53256163 | X33: 0.25166227 | AE33: U | AF33: PK | AG33: PK1.1 | AH33: PK1.2 | AI33: PK2.1 | AJ33: PK2.2 | AK33: PK3.1 | AL33: PK3.2 | AM33: PK4.1 | AN33: PK4.2 | AO33: PK5.1 | AP33: PK5.2 | AQ33: PK6.1 | AR33: PK6.2 | AS33: PK6.3
J34: P1 | L34: 0.44330345 | M34: 0.55051855 | N34: 0.51288054 | O34: 0.37050756 | P34: 0.51430896 | Q34: 0.16208762 | R34: 0.34300713 | S34: 0.29395129 | T34: 0.37592585 | U34: 0.40002126 | V34: 0.53703124 | W34: 0.56407897 | X34: 0.260366 | Y34: =L$31*L$33*L34+L$31*M$33*M34+N$31*N$33*N34+N$31*O$33*O34+P$31*P$33*P34+P$31*Q$33*Q34+R$31*R$33*R34+R$31*S$33*S34+T$31*T$33*T34+T$31*U$33*U34+V$31*V$33*V34+V$31*W$33*W34+V$31*X$33*X34 -> 0.41960133 | Z34: 1. | AG34: 0.61351179 | AH34: 0.38648821 | AI34: 0.5 | AJ34: 0.5 | AK34: 0.55750667 | AL34: 0.44249333 | AM34: 0.61351179 | AN34: 0.38648821 | AO34: 0.53373742 | AP34: 0.46626258 | AQ34: 0.2157761 | AR34: 0.53256163 | AS34: 0.25166227
J35: P2 | L35: 0.41068315 | M35: 0.28629628 | N35: 0.33519816 | O35: 0.45057211 | P35: 0.33156685 | Q35: 0.3006598 | R35: 0.39999379 | S35: 0.53414495 | T35: 0.40306529 | U35: 0.47612861 | V35: 0.30998654 | W35: 0.31680936 | X35: 0.40492095 | Y35: =L$31*L$33*L35+L$31*M$33*M35+N$31*N$33*N35+N$31*O$33*O35+P$31*P$33*P35+P$31*Q$33*Q35+R$31*R$33*R35+R$31*S$33*S35+T$31*T$33*T35+T$31*U$33*U35+V$31*V$33*V35+V$31*W$33*W35+V$31*X$33*X35 -> 0.36908628 | Z35: 2. | AE35: P1 | AG35: 0.44330345 | AH35: 0.55051855 | AI35: 0.51288054 | AJ35: 0.37050756 | AK35: 0.51430896 | AL35: 0.16208762 | AM35: 0.34300713 | AN35: 0.29395129 | AO35: 0.37592585 | AP35: 0.40002126 | AQ35: 0.53703124 | AR35: 0.56407897 | AS35: 0.260366 | AT35: =AG$32*AG$34*AG35+AG$32*AH$34*AH35+AI$32*AI$34*AI35+AI$32*AJ$34*AJ35+AK$32*AK$34*AK35+AK$32*AL$34*AL35+AM$32*AM$34*AM35+AM$32*AN$34*AN35+AO$32*AO$34*AO35+AO$32*AP$34*AP35+AQ$32*AQ$34*AQ35+AQ$32*AR$34*AR35+AQ$32*AS$34*AS35 -> 0.40982039 | AU35: 1
J36: P3 | L36: 0.1460134 | M36: 0.16318517 | N36: 0.15192131 | O36: 0.17892033 | P36: 0.15412419 | Q36: 0.53725258 | R36: 0.25699908 | S36: 0.17190376 | T36: 0.22100886 | U36: 0.12385013 | V36: 0.15298222 | W36: 0.11911166 | X36: 0.33471305 | Y36: =L$31*L$33*L36+L$31*M$33*M36+N$31*N$33*N36+N$31*O$33*O36+P$31*P$33*P36+P$31*Q$33*Q36+R$31*R$33*R36+R$31*S$33*S36+T$31*T$33*T36+T$31*U$33*U36+V$31*V$33*V36+V$31*W$33*W36+V$31*X$33*X36 -> 0.21131238 | Z36: 3. | AE36: P2 | AG36: 0.41068315 | AH36: 0.28629628 | AI36: 0.33519816 | AJ36: 0.45057211 | AK36: 0.33156685 | AL36: 0.3006598 | AM36: 0.39999379 | AN36: 0.53414495 | AO36: 0.40306529 | AP36: 0.47612861 | AQ36: 0.30998654 | AR36: 0.31680936 | AS36: 0.40492095 | AT36: =AG$32*AG$34*AG36+AG$32*AH$34*AH36+AI$32*AI$34*AI36+AI$32*AJ$34*AJ36+AK$32*AK$34*AK36+AK$32*AL$34*AL36+AM$32*AM$34*AM36+AM$32*AN$34*AN36+AO$32*AO$34*AO36+AO$32*AP$34*AP36+AQ$32*AQ$34*AQ36+AQ$32*AR$34*AR36+AQ$32*AS$34*AS36 -> 0.37438777 | AU36: 2
AE37: P3 | AG37: 0.1460134 | AH37: 0.16318517 | AI37: 0.15192131 | AJ37: 0.17892033 | AK37: 0.15412419 | AL37: 0.53725258 | AM37: 0.25699908 | AN37: 0.17190376 | AO37: 0.22100886 | AP37: 0.12385013 | AQ37: 0.15298222 | AR37: 0.11911166 | AS37: 0.33471305 | AT37: =AG$32*AG$34*AG37+AG$32*AH$34*AH37+AI$32*AI$34*AI37+AI$32*AJ$34*AJ37+AK$32*AK$34*AK37+AK$32*AL$34*AL37+AM$32*AM$34*AM37+AM$32*AN$34*AN37+AO$32*AO$34*AO37+AO$32*AP$34*AP37+AQ$32*AQ$34*AQ37+AQ$32*AR$34*AR37+AQ$32*AS$34*AS37 -> 0.21579183 | AU37: 3
J41: AO: K2-0,05 | AE41: AO:K5-0.05
J42: K | L42: K1 | N42: K2 | P42: K3 | R42: K4 | T42: K5 | V42: K6 | Y42: UP | AE42: K | AG42: K1 | AI42: K2 | AK42: K3 | AM42: K4 | AO42: K5 | AQ42: K6 | AT42: UP
L43: =L8+L8/(L8+P8+R8+T8+V8)*0.05 -> 0.22126052 | N43: =N8-0.05 -> 0.11591117 | P43: =P8+P8/(L8+P8+R8+T8+V8)*0.05 -> 0.27087399 | R43: =R8+R8/(L8+P8+R8+T8+V8)*0.05 -> 0.16312592 | T43: =T8+T8/(L8+P8+R8+T8+V8)*0.05 -> 0.053244804 | V43: =V8+V8/(L8+P8+R8+T8+V8)*0.05 -> 0.1755836 | AG43: =L8+L8/(L8+P8+N8+R8+V8)*0.05 -> 0.21973643 | AI43: =N8+N8/(L8+P8+N8+R8+V8)*0.05 -> 0.17464548 | AK43: =P8+P8/(L8+P8+N8+R8+V8)*0.05 -> 0.26900815 | AM43: =R8+R8/(L8+P8+N8+R8+V8)*0.05 -> 0.16200227 | AO43: =T8-0.05 -> 0.00023352311 | AQ43: =V8+V8/(L8+P8+N8+R8+V8)*0.05 -> 0.17437414
J44: U | K44: PK | L44: PK1.1 | M44: PK1.2 | N44: PK2.1 | O44: PK2.2 | P44: PK3.1 | Q44: PK3.2 | R44: PK4.1 | S44: PK4.2 | T44: PK5.1 | U44: PK5.2 | V44: PK6.1 | W44: PK6.2 | X44: PK6.3 | AE44: U | AF44: PK | AG44: PK1.1 | AH44: PK1.2 | AI44: PK2.1 | AJ44: PK2.2 | AK44: PK3.1 | AL44: PK3.2 | AM44: PK4.1 | AN44: PK4.2 | AO44: PK5.1 | AP44: PK5.2 | AQ44: PK6.1 | AR44: PK6.2 | AS44: PK6.3
L45: 0.61351179 | M45: 0.38648821 | N45: 0.5 | O45: 0.5 | P45: 0.55750667 | Q45: 0.44249333 | R45: 0.61351179 | S45: 0.38648821 | T45: 0.53373742 | U45: 0.46626258 | V45: 0.2157761 | W45: 0.53256163 | X45: 0.25166227 | AG45: 0.61351179 | AH45: 0.38648821 | AI45: 0.5 | AJ45: 0.5 | AK45: 0.55750667 | AL45: 0.44249333 | AM45: 0.61351179 | AN45: 0.38648821 | AO45: 0.53373742 | AP45: 0.46626258 | AQ45: 0.2157761 | AR45: 0.53256163 | AS45: 0.25166227
J46: P1 | L46: 0.44330345 | M46: 0.55051855 | N46: 0.51288054 | O46: 0.37050756 | P46: 0.51430896 | Q46: 0.16208762 | R46: 0.34300713 | S46: 0.29395129 | T46: 0.37592585 | U46: 0.40002126 | V46: 0.53703124 | W46: 0.56407897 | X46: 0.260366 | Y46: =L$43*L$45*L46+L$43*M$45*M46+N$43*N$45*N46+N$43*O$45*O46+P$43*P$45*P46+P$43*Q$45*Q46+R$43*R$45*R46+R$43*S$45*S46+T$43*T$45*T46+T$43*U$45*U46+V$43*V$45*V46+V$43*W$45*W46+V$43*X$45*X46 -> 0.4136197 | Z46: 1. | AE46: P1 | AG46: 0.44330345 | AH46: 0.55051855 | AI46: 0.51288054 | AJ46: 0.37050756 | AK46: 0.51430896 | AL46: 0.16208762 | AM46: 0.34300713 | AN46: 0.29395129 | AO46: 0.37592585 | AP46: 0.40002126 | AQ46: 0.53703124 | AR46: 0.56407897 | AS46: 0.260366 | AT46: =AG$43*AG$45*AG46+AG$43*AH$45*AH46+AI$43*AI$45*AI46+AI$43*AJ$45*AJ46+AK$43*AK$45*AK46+AK$43*AL$45*AL46+AM$43*AM$45*AM46+AM$43*AN$45*AN46+AO$43*AO$45*AO46+AO$43*AP$45*AP46+AQ$43*AQ$45*AQ46+AQ$43*AR$45*AR46+AQ$43*AS$45*AS46 -> 0.41668397 | AU46: 1
J47: P2 | L47: 0.41068315 | M47: 0.28629628 | N47: 0.33519816 | O47: 0.45057211 | P47: 0.33156685 | Q47: 0.3006598 | R47: 0.39999379 | S47: 0.53414495 | T47: 0.40306529 | U47: 0.47612861 | V47: 0.30998654 | W47: 0.31680936 | X47: 0.40492095 | Y47: =L$43*L$45*L47+L$43*M$45*M47+N$43*N$45*N47+N$43*O$45*O47+P$43*P$45*P47+P$43*Q$45*Q47+R$43*R$45*R47+R$43*S$45*S47+T$43*T$45*T47+T$43*U$45*U47+V$43*V$45*V47+V$43*W$45*W47+V$43*X$45*X47 -> 0.36812274 | Z47: 2. | AE47: P2 | AG47: 0.41068315 | AH47: 0.28629628 | AI47: 0.33519816 | AJ47: 0.45057211 | AK47: 0.33156685 | AL47: 0.3006598 | AM47: 0.39999379 | AN47: 0.53414495 | AO47: 0.40306529 | AP47: 0.47612861 | AQ47: 0.30998654 | AR47: 0.31680936 | AS47: 0.40492095 | AT47: =AG$43*AG$45*AG47+AG$43*AH$45*AH47+AI$43*AI$45*AI47+AI$43*AJ$45*AJ47+AK$43*AK$45*AK47+AK$43*AL$45*AL47+AM$43*AM$45*AM47+AM$43*AN$45*AN47+AO$43*AO$45*AO47+AO$43*AP$45*AP47+AQ$43*AQ$45*AQ47+AQ$43*AR$45*AR47+AQ$43*AS$45*AS47 -> 0.36596396 | AU47: 2
J48: P3 | L48: 0.1460134 | M48: 0.16318517 | N48: 0.15192131 | O48: 0.17892033 | P48: 0.15412419 | Q48: 0.53725258 | R48: 0.25699908 | S48: 0.17190376 | T48: 0.22100886 | U48: 0.12385013 | V48: 0.15298222 | W48: 0.11911166 | X48: 0.33471305 | Y48: =L$43*L$45*L48+L$43*M$45*M48+N$43*N$45*N48+N$43*O$45*O48+P$43*P$45*P48+P$43*Q$45*Q48+R$43*R$45*R48+R$43*S$45*S48+T$43*T$45*T48+T$43*U$45*U48+V$43*V$45*V48+V$43*W$45*W48+V$43*X$45*X48 -> 0.21825756 | Z48: 3. | AE48: P3 | AG48: 0.1460134 | AH48: 0.16318517 | AI48: 0.15192131 | AJ48: 0.17892033 | AK48: 0.15412419 | AL48: 0.53725258 | AM48: 0.25699908 | AN48: 0.17190376 | AO48: 0.22100886 | AP48: 0.12385013 | AQ48: 0.15298222 | AR48: 0.11911166 | AS48: 0.33471305 | AT48: =AG$43*AG$45*AG48+AG$43*AH$45*AH48+AI$43*AI$45*AI48+AI$43*AJ$45*AJ48+AK$43*AK$45*AK48+AK$43*AL$45*AL48+AM$43*AM$45*AM48+AM$43*AN$45*AN48+AO$43*AO$45*AO48+AO$43*AP$45*AP48+AQ$43*AQ$45*AQ48+AQ$43*AR$45*AR48+AQ$43*AS$45*AS48 -> 0.21735207 | AU48: 3
J53: AO: K2+0,05 | AE53: AO:K5+0.05
J54: K | L54: K1 | N54: K2 | P54: K3 | R54: K4 | T54: K5 | V54: K6 | Y54: UP | AE54: K | AG54: K1 | AI54: K2 | AK54: K3 | AM54: K4 | AO54: K5 | AQ54: K6 | AT54: UP
L55: =L8-L8/(L8+P8+R8+T8+V8)*0.05 -> 0.19623356 | N55: =N8+0.05 -> 0.21591117 | P55: =P8-P8/(L8+P8+R8+T8+V8)*0.05 -> 0.24023522 | R55: =R8-R8/(L8+P8+R8+T8+V8)*0.05 -> 0.14467461 | T55: =T8-T8/(L8+P8+R8+T8+V8)*0.05 -> 0.047222242 | V55: =V8-V8/(L8+P8+R8+T8+V8)*0.05 -> 0.1557232 | AG55: =L8-L8/(L8+P8+N8+R8+V8)*0.05 -> 0.19775765 | AI55: =N8-N8/(L8+P8+N8+R8+V8)*0.05 -> 0.15717685 | AK55: =P8-P8/(L8+P8+N8+R8+V8)*0.05 -> 0.24210106 | AM55: =R8-R8/(L8+P8+N8+R8+V8)*0.05 -> 0.14579826 | AO55: =T8+0.05 -> 0.10023352 | AQ55: =V8-V8/(L8+P8+N8+R8+V8)*0.05 -> 0.15693266
J56: U | K56: PK | L56: PK1.1 | M56: PK1.2 | N56: PK2.1 | O56: PK2.2 | P56: PK3.1 | Q56: PK3.2 | R56: PK4.1 | S56: PK4.2 | T56: PK5.1 | U56: PK5.2 | V56: PK6.1 | W56: PK6.2 | X56: PK6.3 | AE56: U | AF56: PK | AG56: PK1.1 | AH56: PK1.2 | AI56: PK2.1 | AJ56: PK2.2 | AK56: PK3.1 | AL56: PK3.2 | AM56: PK4.1 | AN56: PK4.2 | AO56: PK5.1 | AP56: PK5.2 | AQ56: PK6.1 | AR56: PK6.2 | AS56: PK6.3
L57: 0.61351179 | M57: 0.38648821 | N57: 0.5 | O57: 0.5 | P57: 0.55750667 | Q57: 0.44249333 | R57: 0.61351179 | S57: 0.38648821 | T57: 0.53373742 | U57: 0.46626258 | V57: 0.2157761 | W57: 0.53256163 | X57: 0.25166227 | AG57: 0.61351179 | AH57: 0.38648821 | AI57: 0.5 | AJ57: 0.5 | AK57: 0.55750667 | AL57: 0.44249333 | AM57: 0.61351179 | AN57: 0.38648821 | AO57: 0.53373742 | AP57: 0.46626258 | AQ57: 0.2157761 | AR57: 0.53256163 | AS57: 0.25166227
J58: P1 | L58: 0.44330345 | M58: 0.55051855 | N58: 0.51288054 | O58: 0.37050756 | P58: 0.51430896 | Q58: 0.16208762 | R58: 0.34300713 | S58: 0.29395129 | T58: 0.37592585 | U58: 0.40002126 | V58: 0.53703124 | W58: 0.56407897 | X58: 0.260366 | Y58: =L$55*L$57*L58+L$55*M$57*M58+N$55*N$57*N58+N$55*O$57*O58+P$55*P$57*P58+P$55*Q$57*Q58+R$55*R$57*R58+R$55*S$57*S58+T$55*T$57*T58+T$55*U$57*U58+V$55*V$57*V58+V$55*W$57*W58+V$55*X$57*X58 -> 0.41679521 | Z58: 1. | AE58: P1 | AG58: 0.44330345 | AH58: 0.55051855 | AI58: 0.51288054 | AJ58: 0.37050756 | AK58: 0.51430896 | AL58: 0.16208762 | AM58: 0.34300713 | AN58: 0.29395129 | AO58: 0.37592585 | AP58: 0.40002126 | AQ58: 0.53703124 | AR58: 0.56407897 | AS58: 0.260366 | AT58: =AG$55*AG$57*AG58+AG$55*AH$57*AH58+AI$55*AI$57*AI58+AI$55*AJ$57*AJ58+AK$55*AK$57*AK58+AK$55*AL$57*AL58+AM$55*AM$57*AM58+AM$55*AN$57*AN58+AO$55*AO$57*AO58+AO$55*AP$57*AP58+AQ$55*AQ$57*AQ58+AQ$55*AR$57*AR58+AQ$55*AS$57*AS58 -> 0.41373094 | AU58: 1
J59: P2 | L59: 0.41068315 | M59: 0.28629628 | N59: 0.33519816 | O59: 0.45057211 | P59: 0.33156685 | Q59: 0.3006598 | R59: 0.39999379 | S59: 0.53414495 | T59: 0.40306529 | U59: 0.47612861 | V59: 0.30998654 | W59: 0.31680936 | X59: 0.40492095 | Y59: =L$55*L$57*L59+L$55*M$57*M59+N$55*N$57*N59+N$55*O$57*O59+P$55*P$57*P59+P$55*Q$57*Q59+R$55*R$57*R59+R$55*S$57*S59+T$55*T$57*T59+T$55*U$57*U59+V$55*V$57*V59+V$55*W$57*W59+V$55*X$57*X59 -> 0.37092364 | Z59: 2. | AE59: P2 | AG59: 0.41068315 | AH59: 0.28629628 | AI59: 0.33519816 | AJ59: 0.45057211 | AK59: 0.33156685 | AL59: 0.3006598 | AM59: 0.39999379 | AN59: 0.53414495 | AO59: 0.40306529 | AP59: 0.47612861 | AQ59: 0.30998654 | AR59: 0.31680936 | AS59: 0.40492095 | AT59: =AG$55*AG$57*AG59+AG$55*AH$57*AH59+AI$55*AI$57*AI59+AI$55*AJ$57*AJ59+AK$55*AK$57*AK59+AK$55*AL$57*AL59+AM$55*AM$57*AM59+AM$55*AN$57*AN59+AO$55*AO$57*AO59+AO$55*AP$57*AP59+AQ$55*AQ$57*AQ59+AQ$55*AR$57*AR59+AQ$55*AS$57*AS59 -> 0.37308242 | AU59: 2
J60: P3 | L60: 0.1460134 | M60: 0.16318517 | N60: 0.15192131 | O60: 0.17892033 | P60: 0.15412419 | Q60: 0.53725258 | R60: 0.25699908 | S60: 0.17190376 | T60: 0.22100886 | U60: 0.12385013 | V60: 0.15298222 | W60: 0.11911166 | X60: 0.33471305 | Y60: =L$55*L$57*L60+L$55*M$57*M60+N$55*N$57*N60+N$55*O$57*O60+P$55*P$57*P60+P$55*Q$57*Q60+R$55*R$57*R60+R$55*S$57*S60+T$55*T$57*T60+T$55*U$57*U60+V$55*V$57*V60+V$55*W$57*W60+V$55*X$57*X60 -> 0.21228115 | Z60: 3. | AE60: P3 | AG60: 0.1460134 | AH60: 0.16318517 | AI60: 0.15192131 | AJ60: 0.17892033 | AK60: 0.15412419 | AL60: 0.53725258 | AM60: 0.25699908 | AN60: 0.17190376 | AO60: 0.22100886 | AP60: 0.12385013 | AQ60: 0.15298222 | AR60: 0.11911166 | AS60: 0.33471305 | AT60: =AG$55*AG$57*AG60+AG$55*AH$57*AH60+AI$55*AI$57*AI60+AI$55*AJ$57*AJ60+AK$55*AK$57*AK60+AK$55*AL$57*AL60+AM$55*AM$57*AM60+AM$55*AN$57*AN60+AO$55*AO$57*AO60+AO$55*AP$57*AP60+AQ$55*AQ$57*AQ60+AQ$55*AR$57*AR60+AQ$55*AS$57*AS60 -> 0.21318663 | AU60: 3
J65: AO: K3-0,05 | AE65: AO:K6-0.05
J66: K | L66: K1 | N66: K2 | P66: K3 | R66: K4 | T66: K5 | V66: K6 | Y66: UP | AE66: K | AG66: K1 | AI66: K2 | AK66: K3 | AM66: K4 | AO66: K5 | AQ66: K6 | AT66: UP
L67: =L8+L8/(L8+N8+R8+T8+V8)*0.05 -> 0.22276735 | N67: =N8+N8/(L8+N8+R8+T8+V8)*0.05 -> 0.17705444 | P67: =P8-0.05 -> 0.2055546 | R67: =R8+R8/(L8+N8+R8+T8+V8)*0.05 -> 0.16423684 | T67: =T8+T8/(L8+N8+R8+T8+V8)*0.05 -> 0.053607412 | V67: =V8+V8/(L8+N8+R8+T8+V8)*0.05 -> 0.17677936 | AG67: =L8+L8/(L8+P8+N8+R8+T8)*0.05 -> 0.22125665 | AI67: =N8+N8/(L8+P8+N8+R8+T8)*0.05 -> 0.17585375 | AK67: =P8+P8/(L8+P8+N8+R8+T8)*0.05 -> 0.27086926 | AM67: =R8+R8/(L8+P8+N8+R8+T8)*0.05 -> 0.16312307 | AO67: =T8+T8/(L8+P8+N8+R8+T8)*0.05 -> 0.053243874 | AQ67: =V8-0.05 -> 0.1156534
J68: U | K68: PK | L68: PK1.1 | M68: PK1.2 | N68: PK2.1 | O68: PK2.2 | P68: PK3.1 | Q68: PK3.2 | R68: PK4.1 | S68: PK4.2 | T68: PK5.1 | U68: PK5.2 | V68: PK6.1 | W68: PK6.2 | X68: PK6.3 | AE68: U | AF68: PK | AG68: PK1.1 | AH68: PK1.2 | AI68: PK2.1 | AJ68: PK2.2 | AK68: PK3.1 | AL68: PK3.2 | AM68: PK4.1 | AN68: PK4.2 | AO68: PK5.1 | AP68: PK5.2 | AQ68: PK6.1 | AR68: PK6.2 | AS68: PK6.3
L69: 0.61351179 | M69: 0.38648821 | N69: 0.5 | O69: 0.5 | P69: 0.55750667 | Q69: 0.44249333 | R69: 0.61351179 | S69: 0.38648821 | T69: 0.53373742 | U69: 0.46626258 | V69: 0.2157761 | W69: 0.53256163 | X69: 0.25166227 | AG69: 0.61351179 | AH69: 0.38648821 | AI69: 0.5 | AJ69: 0.5 | AK69: 0.55750667 | AL69: 0.44249333 | AM69: 0.61351179 | AN69: 0.38648821 | AO69: 0.53373742 | AP69: 0.46626258 | AQ69: 0.2157761 | AR69: 0.53256163 | AS69: 0.25166227
J70: P1 | L70: 0.44330345 | M70: 0.55051855 | N70: 0.51288054 | O70: 0.37050756 | P70: 0.51430896 | Q70: 0.16208762 | R70: 0.34300713 | S70: 0.29395129 | T70: 0.37592585 | U70: 0.40002126 | V70: 0.53703124 | W70: 0.56407897 | X70: 0.260366 | Y70: =L$67*L$69*L70+L$67*M$69*M70+N$67*N$69*N70+N$67*O$69*O70+P$67*P$69*P70+P$67*Q$69*Q70+R$67*R$69*R70+R$67*S$69*S70+T$67*T$69*T70+T$67*U$69*U70+V$67*V$69*V70+V$67*W$69*W70+V$67*X$69*X70 -> 0.41901929 | Z70: 1. | AE70: P1 | AG70: 0.44330345 | AH70: 0.55051855 | AI70: 0.51288054 | AJ70: 0.37050756 | AK70: 0.51430896 | AL70: 0.16208762 | AM70: 0.34300713 | AN70: 0.29395129 | AO70: 0.37592585 | AP70: 0.40002126 | AQ70: 0.53703124 | AR70: 0.56407897 | AS70: 0.260366 | AT70: =AG$67*AG$69*AG70+AG$67*AH$69*AH70+AI$67*AI$69*AI70+AI$67*AJ$69*AJ70+AK$67*AK$69*AK70+AK$67*AL$69*AL70+AM$67*AM$69*AM70+AM$67*AN$69*AN70+AO$67*AO$69*AO70+AO$67*AP$69*AP70+AQ$67*AQ$69*AQ70+AQ$67*AR$69*AR70+AQ$67*AS$69*AS70 -> 0.41121618 | AU70: 1
J71: P2 | L71: 0.41068315 | M71: 0.28629628 | N71: 0.33519816 | O71: 0.45057211 | P71: 0.33156685 | Q71: 0.3006598 | R71: 0.39999379 | S71: 0.53414495 | T71: 0.40306529 | U71: 0.47612861 | V71: 0.30998654 | W71: 0.31680936 | X71: 0.40492095 | Y71: =L$67*L$69*L71+L$67*M$69*M71+N$67*N$69*N71+N$67*O$69*O71+P$67*P$69*P71+P$67*Q$69*Q71+R$67*R$69*R71+R$67*S$69*S71+T$67*T$69*T71+T$67*U$69*U71+V$67*V$69*V71+V$67*W$69*W71+V$67*X$69*X71 -> 0.37299104 | Z71: 2. | AE71: P2 | AG71: 0.41068315 | AH71: 0.28629628 | AI71: 0.33519816 | AJ71: 0.45057211 | AK71: 0.33156685 | AL71: 0.3006598 | AM71: 0.39999379 | AN71: 0.53414495 | AO71: 0.40306529 | AP71: 0.47612861 | AQ71: 0.30998654 | AR71: 0.31680936 | AS71: 0.40492095 | AT71: =AG$67*AG$69*AG71+AG$67*AH$69*AH71+AI$67*AI$69*AI71+AI$67*AJ$69*AJ71+AK$67*AK$69*AK71+AK$67*AL$69*AL71+AM$67*AM$69*AM71+AM$67*AN$69*AN71+AO$67*AO$69*AO71+AO$67*AP$69*AP71+AQ$67*AQ$69*AQ71+AQ$67*AR$69*AR71+AQ$67*AS$69*AS71 -> 0.37144156 | AU71: 2
J72: P3 | L72: 0.1460134 | M72: 0.16318517 | N72: 0.15192131 | O72: 0.17892033 | P72: 0.15412419 | Q72: 0.53725258 | R72: 0.25699908 | S72: 0.17190376 | T72: 0.22100886 | U72: 0.12385013 | V72: 0.15298222 | W72: 0.11911166 | X72: 0.33471305 | Y72: =L$67*L$69*L72+L$67*M$69*M72+N$67*N$69*N72+N$67*O$69*O72+P$67*P$69*P72+P$67*Q$69*Q72+R$67*R$69*R72+R$67*S$69*S72+T$67*T$69*T72+T$67*U$69*U72+V$67*V$69*V72+V$67*W$69*W72+V$67*X$69*X72 -> 0.20798967 | Z72: 3. | AE72: P3 | AG72: 0.1460134 | AH72: 0.16318517 | AI72: 0.15192131 | AJ72: 0.17892033 | AK72: 0.15412419 | AL72: 0.53725258 | AM72: 0.25699908 | AN72: 0.17190376 | AO72: 0.22100886 | AP72: 0.12385013 | AQ72: 0.15298222 | AR72: 0.11911166 | AS72: 0.33471305 | AT72: =AG$67*AG$69*AG72+AG$67*AH$69*AH72+AI$67*AI$69*AI72+AI$67*AJ$69*AJ72+AK$67*AK$69*AK72+AK$67*AL$69*AL72+AM$67*AM$69*AM72+AM$67*AN$69*AN72+AO$67*AO$69*AO72+AO$67*AP$69*AP72+AQ$67*AQ$69*AQ72+AQ$67*AR$69*AR72+AQ$67*AS$69*AS72 -> 0.21734226 | AU72: 3
J77: AO: K3+0,05 | AE77: AO:K6+0.05
J78: K | L78: K1 | N78: K2 | P78: K3 | R78: K4 | T78: K5 | V78: K6 | Y78: UP | AE78: K | AG78: K1 | AI78: K2 | AK78: K3 | AM78: K4 | AO78: K5 | AQ78: K6 | AT78: UP
L79: =L8-L8/(L8+N8+R8+T8+V8)*0.05 -> 0.19472674 | N79: =N8-N8/(L8+N8+R8+T8+V8)*0.05 -> 0.15476789 | P79: =P8+0.05 -> 0.3055546 | R79: =R8-R8/(L8+N8+R8+T8+V8)*0.05 -> 0.14356369 | T79: =T8-T8/(L8+N8+R8+T8+V8)*0.05 -> 0.046859634 | V79: =V8-V8/(L8+N8+R8+T8+V8)*0.05 -> 0.15452744 | AG79: =L8-L8/(L8+P8+N8+R8+T8)*0.05 -> 0.19623743 | AI79: =N8-N8/(L8+P8+N8+R8+T8)*0.05 -> 0.15596859 | AK79: =P8-P8/(L8+P8+N8+R8+T8)*0.05 -> 0.24023995 | AM79: =R8-R8/(L8+P8+N8+R8+T8)*0.05 -> 0.14467746 | AO79: =T8-T8/(L8+P8+N8+R8+T8)*0.05 -> 0.047223172 | AQ79: =V8+0.05 -> 0.2156534
J80: U | K80: PK | L80: PK1.1 | M80: PK1.2 | N80: PK2.1 | O80: PK2.2 | P80: PK3.1 | Q80: PK3.2 | R80: PK4.1 | S80: PK4.2 | T80: PK5.1 | U80: PK5.2 | V80: PK6.1 | W80: PK6.2 | X80: PK6.3 | AE80: U | AF80: PK | AG80: PK1.1 | AH80: PK1.2 | AI80: PK2.1 | AJ80: PK2.2 | AK80: PK3.1 | AL80: PK3.2 | AM80: PK4.1 | AN80: PK4.2 | AO80: PK5.1 | AP80: PK5.2 | AQ80: PK6.1 | AR80: PK6.2 | AS80: PK6.3
L81: 0.61351179 | M81: 0.38648821 | N81: 0.5 | O81: 0.5 | P81: 0.55750667 | Q81: 0.44249333 | R81: 0.61351179 | S81: 0.38648821 | T81: 0.53373742 | U81: 0.46626258 | V81: 0.2157761 | W81: 0.53256163 | X81: 0.25166227 | AG81: 0.61351179 | AH81: 0.38648821 | AI81: 0.5 | AJ81: 0.5 | AK81: 0.55750667 | AL81: 0.44249333 | AM81: 0.61351179 | AN81: 0.38648821 | AO81: 0.53373742 | AP81: 0.46626258 | AQ81: 0.2157761 | AR81: 0.53256163 | AS81: 0.25166227
J82: P1 | L82: 0.44330345 | M82: 0.55051855 | N82: 0.51288054 | O82: 0.37050756 | P82: 0.51430896 | Q82: 0.16208762 | R82: 0.34300713 | S82: 0.29395129 | T82: 0.37592585 | U82: 0.40002126 | V82: 0.53703124 | W82: 0.56407897 | X82: 0.260366 | Y82: =L$79*L$81*L82+L$79*M$81*M82+N$79*N$81*N82+N$79*O$81*O82+P$79*P$81*P82+P$79*Q$81*Q82+R$79*R$81*R82+R$79*S$81*S82+T$79*T$81*T82+T$79*U$81*U82+V$79*V$81*V82+V$79*W$81*W82+V$79*X$81*X82 -> 0.41139562 | Z82: 1. | AE82: P1 | AG82: 0.44330345 | AH82: 0.55051855 | AI82: 0.51288054 | AJ82: 0.37050756 | AK82: 0.51430896 | AL82: 0.16208762 | AM82: 0.34300713 | AN82: 0.29395129 | AO82: 0.37592585 | AP82: 0.40002126 | AQ82: 0.53703124 | AR82: 0.56407897 | AS82: 0.260366 | AT82: =AG$79*AG$81*AG82+AG$79*AH$81*AH82+AI$79*AI$81*AI82+AI$79*AJ$81*AJ82+AK$79*AK$81*AK82+AK$79*AL$81*AL82+AM$79*AM$81*AM82+AM$79*AN$81*AN82+AO$79*AO$81*AO82+AO$79*AP$81*AP82+AQ$79*AQ$81*AQ82+AQ$79*AR$81*AR82+AQ$79*AS$81*AS82 -> 0.41919873 | AU82: 1
J83: P2 | L83: 0.41068315 | M83: 0.28629628 | N83: 0.33519816 | O83: 0.45057211 | P83: 0.33156685 | Q83: 0.3006598 | R83: 0.39999379 | S83: 0.53414495 | T83: 0.40306529 | U83: 0.47612861 | V83: 0.30998654 | W83: 0.31680936 | X83: 0.40492095 | Y83: =L$79*L$81*L83+L$79*M$81*M83+N$79*N$81*N83+N$79*O$81*O83+P$79*P$81*P83+P$79*Q$81*Q83+R$79*R$81*R83+R$79*S$81*S83+T$79*T$81*T83+T$79*U$81*U83+V$79*V$81*V83+V$79*W$81*W83+V$79*X$81*X83 -> 0.36605534 | Z83: 2. | AE83: P2 | AG83: 0.41068315 | AH83: 0.28629628 | AI83: 0.33519816 | AJ83: 0.45057211 | AK83: 0.33156685 | AL83: 0.3006598 | AM83: 0.39999379 | AN83: 0.53414495 | AO83: 0.40306529 | AP83: 0.47612861 | AQ83: 0.30998654 | AR83: 0.31680936 | AS83: 0.40492095 | AT83: =AG$79*AG$81*AG83+AG$79*AH$81*AH83+AI$79*AI$81*AI83+AI$79*AJ$81*AJ83+AK$79*AK$81*AK83+AK$79*AL$81*AL83+AM$79*AM$81*AM83+AM$79*AN$81*AN83+AO$79*AO$81*AO83+AO$79*AP$81*AP83+AQ$79*AQ$81*AQ83+AQ$79*AR$81*AR83+AQ$79*AS$81*AS83 -> 0.36760482 | AU83: 2
J84: P3 | L84: 0.1460134 | M84: 0.16318517 | N84: 0.15192131 | O84: 0.17892033 | P84: 0.15412419 | Q84: 0.53725258 | R84: 0.25699908 | S84: 0.17190376 | T84: 0.22100886 | U84: 0.12385013 | V84: 0.15298222 | W84: 0.11911166 | X84: 0.33471305 | Y84: =L$79*L$81*L84+L$79*M$81*M84+N$79*N$81*N84+N$79*O$81*O84+P$79*P$81*P84+P$79*Q$81*Q84+R$79*R$81*R84+R$79*S$81*S84+T$79*T$81*T84+T$79*U$81*U84+V$79*V$81*V84+V$79*W$81*W84+V$79*X$81*X84 -> 0.22254904 | Z84: 3. | AE84: P3 | AG84: 0.1460134 | AH84: 0.16318517 | AI84: 0.15192131 | AJ84: 0.17892033 | AK84: 0.15412419 | AL84: 0.53725258 | AM84: 0.25699908 | AN84: 0.17190376 | AO84: 0.22100886 | AP84: 0.12385013 | AQ84: 0.15298222 | AR84: 0.11911166 | AS84: 0.33471305 | AT84: =AG$79*AG$81*AG84+AG$79*AH$81*AH84+AI$79*AI$81*AI84+AI$79*AJ$81*AJ84+AK$79*AK$81*AK84+AK$79*AL$81*AL84+AM$79*AM$81*AM84+AM$79*AN$81*AN84+AO$79*AO$81*AO84+AO$79*AP$81*AP84+AQ$79*AQ$81*AQ84+AQ$79*AR$81*AR84+AQ$79*AS$81*AS84 -> 0.21319644 | AU84: 3

Sheet PROCESIUsporedbaKriteriji
C2: =B3 -> financije | D2: =B4 -> kvaliteta | E2: =B5 -> brzina | F2: =B6 -> ljudi | G2: =B7 -> korisnik | H2: =B8 -> učinkovitost | K2: =J3 -> financije | L2: =J4 -> kvaliteta | M2: =J5 -> brzina | N2: =J6 -> ljudi | O2: =J7 -> korisnik | P2: =J8 -> učinkovitost | S2: =R3 -> financije | T2: =R4 -> kvaliteta | U2: =R5 -> brzina | V2: =R6 -> ljudi | W2: =R7 -> korisnik | X2: =R8 -> učikovitost | AA2: =Z3 -> financije | AB2: =Z4 -> kvaliteta | AC2: =Z5 -> brzina | AD2: =Z6 -> ljudi | AE2: =Z7 -> korisnik | AF2: =Z8 -> učinkovitost
B3: financije | C3: 1 | D3: 3 | E3: 2 | F3: 2 | G3: 5 | H3: 3 | J3: financije | K3: 1 | L3: 1 | M3: =1/3 -> 0.33333333 | N3: 2 | O3: 4 | P3: =1/2 -> 0.5 | R3: financije | S3: 1 | T3: =1/2 -> 0.5 | U3: 1 | V3: 2 | W3: 3 | X3: =1/3 -> 0.33333333 | Z3: financije | AA3: =GEOMEAN(C3,K3,S3) -> 1 | AB3: =GEOMEAN(D3,L3,T3) -> 1.1447142 | AC3: =GEOMEAN(E3,M3,U3) -> 0.87358046 | AD3: =GEOMEAN(F3,N3,V3) -> 2 | AE3: =GEOMEAN(G3,O3,W3) -> 3.9148676 | AF3: =GEOMEAN(H3,P3,X3) -> 0.79370053
B4: kvaliteta | C4: =1/3 -> 0.33333333 | D4: 1 | E4: =1/2 -> 0.5 | F4: =1/2 -> 0.5 | G4: 3 | H4: 1 | J4: kvaliteta | K4: 1 | L4: 1 | M4: =1/5 -> 0.2 | N4: 1 | O4: 3 | P4: =1/3 -> 0.33333333 | R4: kvaliteta | S4: 2 | T4: 1 | U4: 2 | V4: 3 | W4: 5 | X4: 2 | Z4: kvaliteta | AA4: =GEOMEAN(C4,K4,S4) -> 0.87358046 | AB4: =GEOMEAN(D4,L4,T4) -> 1 | AC4: =GEOMEAN(E4,M4,U4) -> 0.58480355 | AD4: =GEOMEAN(F4,N4,V4) -> 1.1447142 | AE4: =GEOMEAN(G4,O4,W4) -> 3.5568933 | AF4: =GEOMEAN(H4,P4,X4) -> 0.87358046
B5: brzina | C5: =1/2 -> 0.5 | D5: 2 | E5: 1 | F5: 1 | G5: 4 | H5: 2 | J5: brzina | K5: 3 | L5: 2 | M5: 1 | N5: 3 | O5: 6 | P5: 2 | R5: brzina | S5: 1 | T5: =1/2 -> 0.5 | U5: 1 | V5: 2 | W5: 4 | X5: 2 | Z5: brzina | AA5: =GEOMEAN(C5,K5,S5) -> 1.1447142 | AB5: =GEOMEAN(D5,L5,T5) -> 1.259921 | AC5: =GEOMEAN(E5,M5,U5) -> 1 | AD5: =GEOMEAN(F5,N5,V5) -> 1.8171206 | AE5: =GEOMEAN(G5,O5,W5) -> 4.578857 | AF5: =GEOMEAN(H5,P5,X5) -> 2
B6: ljudi | C6: =1/2 -> 0.5 | D6: 2 | E6: 1 | F6: 1 | G6: 4 | H6: 2 | J6: ljudi | K6: =1/2 -> 0.5 | L6: 1 | M6: =1/3 -> 0.33333333 | N6: 1 | O6: 3 | P6: =1/2 -> 0.5 | R6: ljudi | S6: =1/2 -> 0.5 | T6: =1/3 -> 0.33333333 | U6: =1/2 -> 0.5 | V6: 1 | W6: 2 | X6: 3 | Z6: ljudi | AA6: =GEOMEAN(C6,K6,S6) -> 0.5 | AB6: =GEOMEAN(D6,L6,T6) -> 0.87358046 | AC6: =GEOMEAN(E6,M6,U6) -> 0.55032121 | AD6: =GEOMEAN(F6,N6,V6) -> 1 | AE6: =GEOMEAN(G6,O6,W6) -> 2.8844991 | AF6: =GEOMEAN(H6,P6,X6) -> 1.4422496
B7: korisnik | C7: =1/5 -> 0.2 | D7: =1/3 -> 0.33333333 | E7: =1/4 -> 0.25 | F7: =1/4 -> 0.25 | G7: 1 | H7: =1/3 -> 0.33333333 | J7: korisnik | K7: =1/4 -> 0.25 | L7: =1/3 -> 0.33333333 | M7: =1/6 -> 0.16666667 | N7: =1/3 -> 0.33333333 | O7: 1 | P7: =1/5 -> 0.2 | R7: korisnik | S7: =1/3 -> 0.33333333 | T7: =1/5 -> 0.2 | U7: =1/4 -> 0.25 | V7: =1/2 -> 0.5 | W7: 1 | X7: =1/4 -> 0.25 | Z7: korisnik | AA7: =GEOMEAN(C7,K7,S7) -> 0.25543648 | AB7: =GEOMEAN(D7,L7,T7) -> 0.28114422 | AC7: =GEOMEAN(E7,M7,U7) -> 0.21839512 | AD7: =GEOMEAN(F7,N7,V7) -> 0.34668064 | AE7: =GEOMEAN(G7,O7,W7) -> 1 | AF7: =GEOMEAN(H7,P7,X7) -> 0.25543648
B8: učinkovitost | C8: =1/3 -> 0.33333333 | D8: 1 | E8: =1/2 -> 0.5 | F8: =1/2 -> 0.5 | G8: 3 | H8: 1 | J8: učinkovitost | K8: 2 | L8: 3 | M8: =1/2 -> 0.5 | N8: 2 | O8: 5 | P8: 1 | R8: učikovitost | S8: 3 | T8: =1/5 -> 0.2 | U8: =1/2 -> 0.5 | V8: =1/3 -> 0.33333333 | W8: 4 | X8: 1 | Z8: učinkovitost | AA8: =GEOMEAN(C8,K8,S8) -> 1.259921 | AB8: =GEOMEAN(D8,L8,T8) -> 0.84343267 | AC8: =GEOMEAN(E8,M8,U8) -> 0.5 | AD8: =GEOMEAN(F8,N8,V8) -> 0.69336127 | AE8: =GEOMEAN(G8,O8,W8) -> 3.9148676 | AF8: =GEOMEAN(H8,P8,X8) -> 1
C10: =SUM(C3:C8) -> 2.8666667 | D10: =SUM(D3:D8) -> 9.3333333 | E10: =SUM(E3:E8) -> 5.25 | F10: =SUM(F3:F8) -> 5.25 | G10: =SUM(G3:G8) -> 20 | H10: =SUM(H3:H8) -> 9.3333333 | K10: =SUM(K3:K8) -> 7.75 | L10: =SUM(L3:L8) -> 8.3333333 | M10: =SUM(M3:M8) -> 2.5333333 | N10: =SUM(N3:N8) -> 9.3333333 | O10: =SUM(O3:O8) -> 22 | P10: =SUM(P3:P8) -> 4.5333333 | S10: =SUM(S3:S8) -> 7.8333333 | T10: =SUM(T3:T8) -> 2.7333333 | U10: =SUM(U3:U8) -> 5.25 | V10: =SUM(V3:V8) -> 8.8333333 | W10: =SUM(W3:W8) -> 19 | X10: =SUM(X3:X8) -> 8.5833333 | AA10: =SUM(AA3:AA8) -> 5.0336522 | AB10: =SUM(AB3:AB8) -> 5.4027926 | AC10: =SUM(AC3:AC8) -> 3.7271003 | AD10: =SUM(AD3:AD8) -> 7.0018767 | AE10: =SUM(AE3:AE8) -> 19.849985 | AF10: =SUM(AF3:AF8) -> 6.364967
C12: =C3/C$10 -> 0.34883721 | D12: =D3/D$10 -> 0.32142857 | E12: =E3/E$10 -> 0.38095238 | F12: =F3/F$10 -> 0.38095238 | G12: =G3/G$10 -> 0.25 | H12: =H3/H$10 -> 0.32142857 | K12: =K3/K$10 -> 0.12903226 | L12: =L3/L$10 -> 0.12 | M12: =M3/M$10 -> 0.13157895 | N12: =N3/N$10 -> 0.21428571 | O12: =O3/O$10 -> 0.18181818 | P12: =P3/P$10 -> 0.11029412 | S12: =S3/S$10 -> 0.12765957 | T12: =T3/T$10 -> 0.18292683 | U12: =U3/U$10 -> 0.19047619 | V12: =V3/V$10 -> 0.22641509 | W12: =W3/W$10 -> 0.15789474 | X12: =X3/X$10 -> 0.038834951 | AA12: =AA3/AA$10 -> 0.19866291 | AB12: =AB3/AB$10 -> 0.21187455 | AC12: =AC3/AC$10 -> 0.23438609 | AD12: =AD3/AD$10 -> 0.2856377 | AE12: =AE3/AE$10 -> 0.1972227 | AF12: =AF3/AF$10 -> 0.12469829
C13: =C4/C$10 -> 0.11627907 | D13: =D4/D$10 -> 0.10714286 | E13: =E4/E$10 -> 0.095238095 | F13: =F4/F$10 -> 0.095238095 | G13: =G4/G$10 -> 0.15 | H13: =H4/H$10 -> 0.10714286 | K13: =K4/K$10 -> 0.12903226 | L13: =L4/L$10 -> 0.12 | M13: =M4/M$10 -> 0.078947368 | N13: =N4/N$10 -> 0.10714286 | O13: =O4/O$10 -> 0.13636364 | P13: =P4/P$10 -> 0.073529412 | S13: =S4/S$10 -> 0.25531915 | T13: =T4/T$10 -> 0.36585366 | U13: =U4/U$10 -> 0.38095238 | V13: =V4/V$10 -> 0.33962264 | W13: =W4/W$10 -> 0.26315789 | X13: =X4/X$10 -> 0.23300971 | AA13: =AA4/AA$10 -> 0.17354804 | AB13: =AB4/AB$10 -> 0.18508946 | AC13: =AC4/AC$10 -> 0.15690577 | AD13: =AD4/AD$10 -> 0.16348677 | AE13: =AE4/AE$10 -> 0.17918872 | AF13: =AF4/AF$10 -> 0.13724823
C14: =C5/C$10 -> 0.1744186 | D14: =D5/D$10 -> 0.21428571 | E14: =E5/E$10 -> 0.19047619 | F14: =F5/F$10 -> 0.19047619 | G14: =G5/G$10 -> 0.2 | H14: =H5/H$10 -> 0.21428571 | K14: =K5/K$10 -> 0.38709677 | L14: =L5/L$10 -> 0.24 | M14: =M5/M$10 -> 0.39473684 | N14: =N5/N$10 -> 0.32142857 | O14: =O5/O$10 -> 0.27272727 | P14: =P5/P$10 -> 0.44117647 | S14: =S5/S$10 -> 0.12765957 | T14: =T5/T$10 -> 0.18292683 | U14: =U5/U$10 -> 0.19047619 | V14: =V5/V$10 -> 0.22641509 | W14: =W5/W$10 -> 0.21052632 | X14: =X5/X$10 -> 0.23300971 | AA14: =AA5/AA$10 -> 0.22741226 | AB14: =AB5/AB$10 -> 0.23319811 | AC14: =AC5/AC$10 -> 0.26830509 | AD14: =AD5/AD$10 -> 0.25951908 | AE14: =AE5/AE$10 -> 0.23067307 | AF14: =AF5/AF$10 -> 0.31422001
C15: =C6/C$10 -> 0.1744186 | D15: =D6/D$10 -> 0.21428571 | E15: =E6/E$10 -> 0.19047619 | F15: =F6/F$10 -> 0.19047619 | G15: =G6/G$10 -> 0.2 | H15: =H6/H$10 -> 0.21428571 | K15: =K6/K$10 -> 0.064516129 | L15: =L6/L$10 -> 0.12 | M15: =M6/M$10 -> 0.13157895 | N15: =N6/N$10 -> 0.10714286 | O15: =O6/O$10 -> 0.13636364 | P15: =P6/P$10 -> 0.11029412 | S15: =S6/S$10 -> 0.063829787 | T15: =T6/T$10 -> 0.12195122 | U15: =U6/U$10 -> 0.095238095 | V15: =V6/V$10 -> 0.11320755 | W15: =W6/W$10 -> 0.10526316 | X15: =X6/X$10 -> 0.34951456 | AA15: =AA6/AA$10 -> 0.099331455 | AB15: =AB6/AB$10 -> 0.16169054 | AC15: =AC6/AC$10 -> 0.14765398 | AD15: =AD6/AD$10 -> 0.14281885 | AE15: =AE6/AE$10 -> 0.14531493 | AF15: =AF6/AF$10 -> 0.22659184
C16: =C7/C$10 -> 0.069767442 | D16: =D7/D$10 -> 0.035714286 | E16: =E7/E$10 -> 0.047619048 | F16: =F7/F$10 -> 0.047619048 | G16: =G7/G$10 -> 0.05 | H16: =H7/H$10 -> 0.035714286 | K16: =K7/K$10 -> 0.032258065 | L16: =L7/L$10 -> 0.04 | M16: =M7/M$10 -> 0.065789474 | N16: =N7/N$10 -> 0.035714286 | O16: =O7/O$10 -> 0.045454545 | P16: =P7/P$10 -> 0.044117647 | S16: =S7/S$10 -> 0.042553191 | T16: =T7/T$10 -> 0.073170732 | U16: =U7/U$10 -> 0.047619048 | V16: =V7/V$10 -> 0.056603774 | W16: =W7/W$10 -> 0.052631579 | X16: =X7/X$10 -> 0.029126214 | AA16: =AA7/AA$10 -> 0.050745754 | AB16: =AB7/AB$10 -> 0.052036834 | AC16: =AC7/AC$10 -> 0.058596522 | AD16: =AD7/AD$10 -> 0.049512531 | AE16: =AE7/AE$10 -> 0.050377873 | AF16: =AF7/AF$10 -> 0.040131626
C17: =C8/C$10 -> 0.11627907 | D17: =D8/D$10 -> 0.10714286 | E17: =E8/E$10 -> 0.095238095 | F17: =F8/F$10 -> 0.095238095 | G17: =G8/G$10 -> 0.15 | H17: =H8/H$10 -> 0.10714286 | K17: =K8/K$10 -> 0.25806452 | L17: =L8/L$10 -> 0.36 | M17: =M8/M$10 -> 0.19736842 | N17: =N8/N$10 -> 0.21428571 | O17: =O8/O$10 -> 0.22727273 | P17: =P8/P$10 -> 0.22058824 | S17: =S8/S$10 -> 0.38297872 | T17: =T8/T$10 -> 0.073170732 | U17: =U8/U$10 -> 0.095238095 | V17: =V8/V$10 -> 0.037735849 | W17: =W8/W$10 -> 0.21052632 | X17: =X8/X$10 -> 0.11650485 | AA17: =AA8/AA$10 -> 0.25029958 | AB17: =AB8/AB$10 -> 0.1561105 | AC17: =AC8/AC$10 -> 0.13415255 | AD17: =AD8/AD$10 -> 0.099025061 | AE17: =AE8/AE$10 -> 0.1972227 | AF17: =AF8/AF$10 -> 0.15711
F19: =B3 -> financije | G19: =AVERAGE(C12:H12) -> 0.33393319 | N19: =J3 -> financije | O19: =AVERAGE(K12:P12) -> 0.14783487 | V19: =R3 -> financije | W19: =AVERAGE(S12:X12) -> 0.15403456 | AD19: =Z3 -> financije | AE19: =AVERAGE(AA12:AF12) -> 0.20874704
F20: =B4 -> kvaliteta | G20: =AVERAGE(C13:H13) -> 0.11184016 | N20: =J4 -> kvaliteta | O20: =AVERAGE(K13:P13) -> 0.10750259 | V20: =R4 -> kvaliteta | W20: =AVERAGE(S13:X13) -> 0.30631924 | AD20: =Z4 -> kvaliteta | AE20: =AVERAGE(AA13:AF13) -> 0.16591117
F21: =B5 -> brzina | G21: =AVERAGE(C14:H14) -> 0.19732374 | N21: =J5 -> brzina | O21: =AVERAGE(K14:P14) -> 0.34286099 | V21: =R5 -> brzina | W21: =AVERAGE(S14:X14) -> 0.19516895 | AD21: =Z5 -> brzina | AE21: =AVERAGE(AA14:AF14) -> 0.2555546
F22: =B6 -> ljudi | G22: =AVERAGE(C15:H15) -> 0.19732374 | N22: =J6 -> ljudi | O22: =AVERAGE(K15:P15) -> 0.11164928 | V22: =R6 -> ljudi | W22: =AVERAGE(S15:X15) -> 0.14150073 | AD22: =Z6 -> ljudi | AE22: =AVERAGE(AA15:AF15) -> 0.15390027
F23: =B7 -> korisnik | G23: =AVERAGE(C16:H16) -> 0.047739018 | N23: =J7 -> korisnik | O23: =AVERAGE(K16:P16) -> 0.043889003 | V23: =R7 -> korisnik | W23: =AVERAGE(S16:X16) -> 0.050284089 | AD23: =Z7 -> korisnik | AE23: =AVERAGE(AA16:AF16) -> 0.050233523
F24: =B8 -> učinkovitost | G24: =AVERAGE(C17:H17) -> 0.11184016 | N24: =J8 -> učinkovitost | O24: =AVERAGE(K17:P17) -> 0.24626327 | V24: =R8 -> učikovitost | W24: =AVERAGE(S17:X17) -> 0.15269243 | AD24: =Z8 -> učinkovitost | AE24: =AVERAGE(AA17:AF17) -> 0.1656534
C26: =C3*G$19 -> 0.33393319 | D26: =D3*G$20 -> 0.33552049 | E26: =E3*G$21 -> 0.39464747 | F26: =F3*G$22 -> 0.39464747 | G26: =G3*G$23 -> 0.23869509 | H26: =G$24*H3 -> 0.33552049 | K26: =K3*O$19 -> 0.14783487 | L26: =L3*O$20 -> 0.10750259 | M26: =M3*O$21 -> 0.114287 | N26: =N3*O$22 -> 0.22329856 | O26: =O3*O$23 -> 0.17555601 | P26: =O$24*P3 -> 0.12313163 | S26: =S3*W$19 -> 0.15403456 | T26: =T3*W$20 -> 0.15315962 | U26: =U3*W$21 -> 0.19516895 | V26: =V3*W$22 -> 0.28300146 | W26: =W3*W$23 -> 0.15085227 | X26: =W$24*X3 -> 0.050897476 | AA26: =AA3*AE$19 -> 0.20874704 | AB26: =AB3*AE$20 -> 0.18992087 | AC26: =AC3*AE$21 -> 0.22324751 | AD26: =AD3*AE$22 -> 0.30780053 | AE26: =AE3*AE$23 -> 0.19665759 | AF26: =AE$24*AF3 -> 0.13147919
C27: =C4*G$19 -> 0.11131106 | D27: =D4*G$20 -> 0.11184016 | E27: =E4*G$21 -> 0.098661868 | F27: =F4*G$22 -> 0.098661868 | G27: =G4*G$23 -> 0.14321705 | H27: =G$24*H4 -> 0.11184016 | K27: =K4*O$19 -> 0.14783487 | L27: =L4*O$20 -> 0.10750259 | M27: =M4*O$21 -> 0.068572198 | N27: =N4*O$22 -> 0.11164928 | O27: =O4*O$23 -> 0.13166701 | P27: =O$24*P4 -> 0.082087756 | S27: =S4*W$19 -> 0.30806913 | T27: =T4*W$20 -> 0.30631924 | U27: =U4*W$21 -> 0.3903379 | V27: =V4*W$22 -> 0.42450219 | W27: =W4*W$23 -> 0.25142045 | X27: =W$24*X4 -> 0.30538486 | AA27: =AA4*AE$19 -> 0.18235734 | AB27: =AB4*AE$20 -> 0.16591117 | AC27: =AC4*AE$21 -> 0.14944924 | AD27: =AD4*AE$22 -> 0.17617183 | AE27: =AE4*AE$23 -> 0.17867528 | AF27: =AE$24*AF4 -> 0.14471157
C28: =C5*G$19 -> 0.16696659 | D28: =D5*G$20 -> 0.22368032 | E28: =E5*G$21 -> 0.19732374 | F28: =F5*G$22 -> 0.19732374 | G28: =G5*G$23 -> 0.19095607 | H28: =G$24*H5 -> 0.22368032 | K28: =K5*O$19 -> 0.44350461 | L28: =L5*O$20 -> 0.21500518 | M28: =M5*O$21 -> 0.34286099 | N28: =N5*O$22 -> 0.33494784 | O28: =O5*O$23 -> 0.26333402 | P28: =O$24*P5 -> 0.49252654 | S28: =S5*W$19 -> 0.15403456 | T28: =T5*W$20 -> 0.15315962 | U28: =U5*W$21 -> 0.19516895 | V28: =V5*W$22 -> 0.28300146 | W28: =W5*W$23 -> 0.20113636 | X28: =W$24*X5 -> 0.30538486 | AA28: =AA5*AE$19 -> 0.23895571 | AB28: =AB5*AE$20 -> 0.20903497 | AC28: =AC5*AE$21 -> 0.2555546 | AD28: =AD5*AE$22 -> 0.27965534 | AE28: =AE5*AE$23 -> 0.23001212 | AF28: =AE$24*AF5 -> 0.3313068
C29: =C6*G$19 -> 0.16696659 | D29: =D6*G$20 -> 0.22368032 | E29: =E6*G$21 -> 0.19732374 | F29: =F6*G$22 -> 0.19732374 | G29: =G6*G$23 -> 0.19095607 | H29: =G$24*H6 -> 0.22368032 | K29: =K6*O$19 -> 0.073917435 | L29: =L6*O$20 -> 0.10750259 | M29: =M6*O$21 -> 0.114287 | N29: =N6*O$22 -> 0.11164928 | O29: =O6*O$23 -> 0.13166701 | P29: =O$24*P6 -> 0.12313163 | S29: =S6*W$19 -> 0.077017281 | T29: =T6*W$20 -> 0.10210641 | U29: =U6*W$21 -> 0.097584476 | V29: =V6*W$22 -> 0.14150073 | W29: =W6*W$23 -> 0.10056818 | X29: =W$24*X6 -> 0.45807728 | AA29: =AA6*AE$19 -> 0.10437352 | AB29: =AB6*AE$20 -> 0.14493675 | AC29: =AC6*AE$21 -> 0.14063712 | AD29: =AD6*AE$22 -> 0.15390027 | AE29: =AE6*AE$23 -> 0.14489855 | AF29: =AE$24*AF6 -> 0.23891354
C30: =C7*G$19 -> 0.066786637 | D30: =D7*G$20 -> 0.037280054 | E30: =E7*G$21 -> 0.049330934 | F30: =F7*G$22 -> 0.049330934 | G30: =G7*G$23 -> 0.047739018 | H30: =G$24*H7 -> 0.037280054 | K30: =K7*O$19 -> 0.036958717 | L30: =L7*O$20 -> 0.035834196 | M30: =M7*O$21 -> 0.057143498 | N30: =N7*O$22 -> 0.037216427 | O30: =O7*O$23 -> 0.043889003 | P30: =O$24*P7 -> 0.049252654 | S30: =S7*W$19 -> 0.051344854 | T30: =T7*W$20 -> 0.061263848 | U30: =U7*W$21 -> 0.048792238 | V30: =V7*W$22 -> 0.070750364 | W30: =W7*W$23 -> 0.050284089 | X30: =W$24*X7 -> 0.038173107 | AA30: =AA7*AE$19 -> 0.053321609 | AB30: =AB7*AE$20 -> 0.046644966 | AC30: =AC7*AE$21 -> 0.055811878 | AD30: =AD7*AE$22 -> 0.053354242 | AE30: =AE7*AE$23 -> 0.050233523 | AF30: =AE$24*AF7 -> 0.042313921
C31: =C8*G$19 -> 0.11131106 | D31: =D8*G$20 -> 0.11184016 | E31: =E8*G$21 -> 0.098661868 | F31: =F8*G$22 -> 0.098661868 | G31: =G8*G$23 -> 0.14321705 | H31: =G$24*H8 -> 0.11184016 | K31: =K8*O$19 -> 0.29566974 | L31: =L8*O$20 -> 0.32250777 | M31: =M8*O$21 -> 0.17143049 | N31: =N8*O$22 -> 0.22329856 | O31: =O8*O$23 -> 0.21944501 | P31: =O$24*P8 -> 0.24626327 | S31: =S8*W$19 -> 0.46210369 | T31: =T8*W$20 -> 0.061263848 | U31: =U8*W$21 -> 0.097584476 | V31: =V8*W$22 -> 0.047166909 | W31: =W8*W$23 -> 0.20113636 | X31: =W$24*X8 -> 0.15269243 | AA31: =AA8*AE$19 -> 0.26300479 | AB31: =AB8*AE$20 -> 0.1399349 | AC31: =AC8*AE$21 -> 0.1277773 | AD31: =AD8*AE$22 -> 0.10670848 | AE31: =AE8*AE$23 -> 0.19665759 | AF31: =AE$24*AF8 -> 0.1656534
C34: =SUM(C26:H26) -> 2.0329642 | E34: =G19 -> 0.33393319 | G34: =C34/E34 -> 6.087937 | K34: =SUM(K26:P26) -> 0.89161066 | M34: =O19 -> 0.14783487 | O34: =K34/M34 -> 6.0311256 | S34: =SUM(S26:X26) -> 0.98711434 | U34: =W19 -> 0.15403456 | W34: =S34/U34 -> 6.4083951 | AA34: =SUM(AA26:AF26) -> 1.2578527 | AC34: =AE19 -> 0.20874704 | AE34: =AA34/AC34 -> 6.0257273
C35: =SUM(C27:H27) -> 0.67553218 | E35: =G20 -> 0.11184016 | G35: =C35/E35 -> 6.0401573 | K35: =SUM(K27:P27) -> 0.6493137 | M35: =O20 -> 0.10750259 | O35: =K35/M35 -> 6.039982 | S35: =SUM(S27:X27) -> 1.9860338 | U35: =W20 -> 0.30631924 | W35: =S35/U35 -> 6.4835423 | AA35: =SUM(AA27:AF27) -> 0.99727642 | AC35: =AE20 -> 0.16591117 | AE35: =AA35/AC35 -> 6.010906
C36: =SUM(C28:H28) -> 1.1999308 | E36: =G21 -> 0.19732374 | G36: =C36/E36 -> 6.0810261 | K36: =SUM(K28:P28) -> 2.0921792 | M36: =O21 -> 0.34286099 | O36: =K36/M36 -> 6.1021208 | S36: =SUM(S28:X28) -> 1.2918858 | U36: =W21 -> 0.19516895 | W36: =S36/U36 -> 6.6193203 | AA36: =SUM(AA28:AF28) -> 1.5445195 | AC36: =AE21 -> 0.2555546 | AE36: =AA36/AC36 -> 6.0437946
C37: =SUM(C29:H29) -> 1.1999308 | E37: =G22 -> 0.19732374 | G37: =C37/E37 -> 6.0810261 | K37: =SUM(K29:P29) -> 0.66215494 | M37: =O22 -> 0.11164928 | O37: =K37/M37 -> 5.9306691 | S37: =SUM(S29:X29) -> 0.97685436 | U37: =W22 -> 0.14150073 | W37: =S37/U37 -> 6.9035289 | AA37: =SUM(AA29:AF29) -> 0.92765976 | AC37: =AE22 -> 0.15390027 | AE37: =AA37/AC37 -> 6.0276683
C38: =SUM(C30:H30) -> 0.28774763 | E38: =G23 -> 0.047739018 | G38: =C38/E38 -> 6.0275147 | K38: =SUM(K30:P30) -> 0.2602945 | M38: =O23 -> 0.043889003 | O38: =K38/M38 -> 5.9307453 | S38: =SUM(S30:X30) -> 0.3206085 | U38: =W23 -> 0.050284089 | W38: =S38/U38 -> 6.3759432 | AA38: =SUM(AA30:AF30) -> 0.30168014 | AC38: =AE23 -> 0.050233523 | AE38: =AA38/AC38 -> 6.0055541
C39: =SUM(C31:H31) -> 0.67553218 | E39: =G24 -> 0.11184016 | G39: =C39/E39 -> 6.0401573 | K39: =SUM(K31:P31) -> 1.4786148 | M39: =O24 -> 0.24626327 | O39: =K39/M39 -> 6.0042038 | S39: =SUM(S31:X31) -> 1.0219477 | U39: =W24 -> 0.15269243 | W39: =S39/U39 -> 6.6928512 | AA39: =SUM(AA31:AF31) -> 0.99973647 | AC39: =AE24 -> 0.1656534 | AE39: =AA39/AC39 -> 6.0351099
F41: lambda | G41: =AVERAGE(G34:G39) -> 6.0596364 | N41: lambda | O41: =AVERAGE(O34:O39) -> 6.0064744 | V41: lambda | W41: =AVERAGE(W34:W39) -> 6.5805968 | AD41: lambda | AE41: =AVERAGE(AE34:AE39) -> 6.0247934
F42: CI | G42: =(G41-6)/5 -> 0.011927283 | N42: CI | O42: =(O41-6)/5 -> 0.0012948843 | V42: CI | W42: =(W41-6)/5 -> 0.11611937 | AD42: CI | AE42: =(AE41-6)/5 -> 0.0049586726
F43: CR | G43: =G42/1.24 -> 0.0096187769 | N43: CR | O43: =O42/1.24 -> 0.0010442615 | V43: CR | W43: =W42/1.24 -> 0.093644653 | AD43: CR | AE43: =AE42/1.24 -> 0.0039989295

Sheet PraćenjeIKontorlaProcesa
C3: =B4 -> Svi koraci procesa su digitalno zabilježeni, što omogućuje praćenje statusa certifikata u 100 % slučajeva bez dodatnih provjera. | D3: =B5 -> Digitalni zapisi omogućuju naknadnu provjeru u 90 % kontrola, čime se smanjuje potreba za ponovnim pregledima proizvoda. | E3: =B6 -> Organizatori imaju uvid u prijave, status priprema i povratne informacije u realnom vremenu, što smanjuje kašnjenja i nejasnoće u provedbi za oko 35 %. | H3: =G4 -> Svi koraci procesa su digitalno zabilježeni, što omogućuje praćenje statusa certifikata u 100 % slučajeva bez dodatnih provjera. | I3: =G5 -> Digitalni zapisi omogućuju naknadnu provjeru u 90 % kontrola, čime se smanjuje potreba za ponovnim pregledima proizvoda. | J3: =G6 -> Organizatori imaju uvid u prijave, status priprema i povratne informacije u realnom vremenu, što smanjuje kašnjenja i nejasnoće u provedbi za oko 35 %. | M3: =L4 -> Svi koraci procesa su digitalno zabilježeni, što omogućuje praćenje statusa certifikata u 100 % slučajeva bez dodatnih provjera. | N3: =L5 -> Digitalni zapisi omogućuju naknadnu provjeru u 90 % kontrola, čime se smanjuje potreba za ponovnim pregledima proizvoda. | O3: =L6 -> Organizatori imaju uvid u prijave, status priprema i povratne informacije u realnom vremenu, što smanjuje kašnjenja i nejasnoće u provedbi za oko 35 %. | R3: =Q4 -> Svi koraci procesa su digitalno zabilježeni, što omogućuje praćenje statusa certifikata u 100 % slučajeva bez dodatnih provjera. | S3: =Q5 -> Digitalni zapisi omogućuju naknadnu provjeru u 90 % kontrola, čime se smanjuje potreba za ponovnim pregledima proizvoda. | T3: =Q6 -> Organizatori imaju uvid u prijave, status priprema i povratne informacije u realnom vremenu, što smanjuje kašnjenja i nejasnoće u provedbi za oko 35 %.
B4: Svi koraci procesa su digitalno zabilježeni, što omogućuje praćenje statusa certifikata u 100 % slučajeva bez dodatnih provjera. | C4: 1 | D4: 3 | E4: 5 | G4: =B4 -> Svi koraci procesa su digitalno zabilježeni, što omogućuje praćenje statusa certifikata u 100 % slučajeva bez dodatnih provjera. | H4: 1 | I4: 0.2 | J4: 0.33333333 | L4: =G4 -> Svi koraci procesa su digitalno zabilježeni, što omogućuje praćenje statusa certifikata u 100 % slučajeva bez dodatnih provjera. | M4: 1 | N4: 0.5 | O4: 0.25 | Q4: =L4 -> Svi koraci procesa su digitalno zabilježeni, što omogućuje praćenje statusa certifikata u 100 % slučajeva bez dodatnih provjera. | R4: =GEOMEAN(C4,H4,M4) -> 1 | S4: =GEOMEAN(D4,I4,N4) -> 0.66943295 | T4: =GEOMEAN(E4,J4,O4) -> 0.74690079
B5: Digitalni zapisi omogućuju naknadnu provjeru u 90 % kontrola, čime se smanjuje potreba za ponovnim pregledima proizvoda. | C5: 0.33333333 | D5: 1 | E5: 2 | G5: =B5 -> Digitalni zapisi omogućuju naknadnu provjeru u 90 % kontrola, čime se smanjuje potreba za ponovnim pregledima proizvoda. | H5: 5 | I5: 1 | J5: 3 | L5: =G5 -> Digitalni zapisi omogućuju naknadnu provjeru u 90 % kontrola, čime se smanjuje potreba za ponovnim pregledima proizvoda. | M5: 2 | N5: 1 | O5: 0.33333333 | Q5: =L5 -> Digitalni zapisi omogućuju naknadnu provjeru u 90 % kontrola, čime se smanjuje potreba za ponovnim pregledima proizvoda. | R5: =GEOMEAN(C5,H5,M5) -> 1.4938016 | S5: =GEOMEAN(D5,I5,N5) -> 1 | T5: =GEOMEAN(E5,J5,O5) -> 1.259921
B6: Organizatori imaju uvid u prijave, status priprema i povratne informacije u realnom vremenu, što smanjuje kašnjenja i nejasnoće u provedbi za oko 35 %. | C6: 0.2 | D6: 0.5 | E6: 1 | G6: =B6 -> Organizatori imaju uvid u prijave, status priprema i povratne informacije u realnom vremenu, što smanjuje kašnjenja i nejasnoće u provedbi za oko 35 %. | H6: 3 | I6: 0.33333333 | J6: 1 | L6: =G6 -> Organizatori imaju uvid u prijave, status priprema i povratne informacije u realnom vremenu, što smanjuje kašnjenja i nejasnoće u provedbi za oko 35 %. | M6: 4 | N6: 3 | O6: 1 | Q6: =L6 -> Organizatori imaju uvid u prijave, status priprema i povratne informacije u realnom vremenu, što smanjuje kašnjenja i nejasnoće u provedbi za oko 35 %. | R6: =GEOMEAN(C6,H6,M6) -> 1.3388659 | S6: =GEOMEAN(D6,I6,N6) -> 0.79370053 | T6: =GEOMEAN(E6,J6,O6) -> 1
C8: =SUM(C4:C6) -> 1.5333333 | D8: =SUM(D4:D6) -> 4.5 | E8: =SUM(E4:E6) -> 8 | H8: =SUM(H4:H6) -> 9 | I8: =SUM(I4:I6) -> 1.5333333 | J8: =SUM(J4:J6) -> 4.3333333 | M8: =SUM(M4:M6) -> 7 | N8: =SUM(N4:N6) -> 4.5 | O8: =SUM(O4:O6) -> 1.5833333 | R8: =SUM(R4:R6) -> 3.8326675 | S8: =SUM(S4:S6) -> 2.4631335 | T8: =SUM(T4:T6) -> 3.0068218
C11: =C4/C$8 -> 0.65217391 | D11: =D4/D$8 -> 0.66666667 | E11: =E4/E$8 -> 0.625 | H11: =H4/H$8 -> 0.11111111 | I11: =I4/I$8 -> 0.13043478 | J11: =J4/J$8 -> 0.076923077 | M11: =M4/M$8 -> 0.14285714 | N11: =N4/N$8 -> 0.11111111 | O11: =O4/O$8 -> 0.15789474 | R11: =R4/R$8 -> 0.26091489 | S11: =S4/S$8 -> 0.27178103 | T11: =T4/T$8 -> 0.24840208
C12: =C5/C$8 -> 0.2173913 | D12: =D5/D$8 -> 0.22222222 | E12: =E5/E$8 -> 0.25 | H12: =H5/H$8 -> 0.55555556 | I12: =I5/I$8 -> 0.65217391 | J12: =J5/J$8 -> 0.69230769 | M12: =M5/M$8 -> 0.28571429 | N12: =N5/N$8 -> 0.22222222 | O12: =O5/O$8 -> 0.21052632 | R12: =R5/R$8 -> 0.38975507 | S12: =S5/S$8 -> 0.40598693 | T12: =T5/T$8 -> 0.41902085
C13: =C6/C$8 -> 0.13043478 | D13: =D6/D$8 -> 0.11111111 | E13: =E6/E$8 -> 0.125 | H13: =H6/H$8 -> 0.33333333 | I13: =I6/I$8 -> 0.2173913 | J13: =J6/J$8 -> 0.23076923 | M13: =M6/M$8 -> 0.57142857 | N13: =N6/N$8 -> 0.66666667 | O13: =O6/O$8 -> 0.63157895 | R13: =R6/R$8 -> 0.34933004 | S13: =S6/S$8 -> 0.32223204 | T13: =T6/T$8 -> 0.33257707
D15: =B4 -> Svi koraci procesa su digitalno zabilježeni, što omogućuje praćenje statusa certifikata u 100 % slučajeva bez dodatnih provjera. | E15: =AVERAGE(C11:E11) -> 0.64794686 | I15: =G4 -> Svi koraci procesa su digitalno zabilježeni, što omogućuje praćenje statusa certifikata u 100 % slučajeva bez dodatnih provjera. | J15: =AVERAGE(H11:J11) -> 0.10615632 | N15: =L4 -> Svi koraci procesa su digitalno zabilježeni, što omogućuje praćenje statusa certifikata u 100 % slučajeva bez dodatnih provjera. | O15: =AVERAGE(M11:O11) -> 0.13728766 | S15: =Q4 -> Svi koraci procesa su digitalno zabilježeni, što omogućuje praćenje statusa certifikata u 100 % slučajeva bez dodatnih provjera. | T15: =AVERAGE(R11:T11) -> 0.260366
D16: =B5 -> Digitalni zapisi omogućuju naknadnu provjeru u 90 % kontrola, čime se smanjuje potreba za ponovnim pregledima proizvoda. | E16: =AVERAGE(C12:E12) -> 0.22987118 | I16: =G5 -> Digitalni zapisi omogućuju naknadnu provjeru u 90 % kontrola, čime se smanjuje potreba za ponovnim pregledima proizvoda. | J16: =AVERAGE(H12:J12) -> 0.63334572 | N16: =L5 -> Digitalni zapisi omogućuju naknadnu provjeru u 90 % kontrola, čime se smanjuje potreba za ponovnim pregledima proizvoda. | O16: =AVERAGE(M12:O12) -> 0.23948761 | S16: =Q5 -> Digitalni zapisi omogućuju naknadnu provjeru u 90 % kontrola, čime se smanjuje potreba za ponovnim pregledima proizvoda. | T16: =AVERAGE(R12:T12) -> 0.40492095
D17: =B6 -> Organizatori imaju uvid u prijave, status priprema i povratne informacije u realnom vremenu, što smanjuje kašnjenja i nejasnoće u provedbi za oko 35 %. | E17: =AVERAGE(C13:E13) -> 0.12218196 | I17: =G6 -> Organizatori imaju uvid u prijave, status priprema i povratne informacije u realnom vremenu, što smanjuje kašnjenja i nejasnoće u provedbi za oko 35 %. | J17: =AVERAGE(H13:J13) -> 0.26049796 | N17: =L6 -> Organizatori imaju uvid u prijave, status priprema i povratne informacije u realnom vremenu, što smanjuje kašnjenja i nejasnoće u provedbi za oko 35 %. | O17: =AVERAGE(M13:O13) -> 0.62322473 | S17: =Q6 -> Organizatori imaju uvid u prijave, status priprema i povratne informacije u realnom vremenu, što smanjuje kašnjenja i nejasnoće u provedbi za oko 35 %. | T17: =AVERAGE(R13:T13) -> 0.33471305
B19: konzistentnost | G19: konzistentnost | L19: konzistentnost | Q19: konzistentnost
C21: =C4*E$15 -> 0.64794686 | D21: =D4*E$16 -> 0.68961353 | E21: =E4*E$17 -> 0.61090982 | H21: =H4*J$15 -> 0.10615632 | I21: =I4*J$16 -> 0.12666914 | J21: =J4*J$17 -> 0.086832652 | M21: =M4*O$15 -> 0.13728766 | N21: =N4*O$16 -> 0.1197438 | O21: =O4*O$17 -> 0.15580618 | R21: =R4*T$15 -> 0.260366 | S21: =S4*T$16 -> 0.27106743 | T21: =T4*T$17 -> 0.24999744
C22: =C5*E$15 -> 0.21598229 | D22: =D5*E$16 -> 0.22987118 | E22: =E5*E$17 -> 0.24436393 | H22: =H5*J$15 -> 0.53078162 | I22: =I5*J$16 -> 0.63334572 | J22: =J5*J$17 -> 0.78149387 | M22: =M5*O$15 -> 0.27457533 | N22: =N5*O$16 -> 0.23948761 | O22: =O5*O$17 -> 0.20774158 | R22: =R5*T$15 -> 0.38893514 | S22: =S5*T$16 -> 0.40492095 | T22: =T5*T$17 -> 0.42171202
C23: =C6*E$15 -> 0.12958937 | D23: =D6*E$16 -> 0.11493559 | E23: =E6*E$17 -> 0.12218196 | H23: =H6*J$15 -> 0.31846897 | I23: =I6*J$16 -> 0.21111524 | J23: =J6*J$17 -> 0.26049796 | M23: =M6*O$15 -> 0.54915065 | N23: =N6*O$16 -> 0.71846282 | O23: =O6*O$17 -> 0.62322473 | R23: =R6*T$15 -> 0.34859516 | S23: =S6*T$16 -> 0.32138597 | T23: =T6*T$17 -> 0.33471305
C25: =SUM(C21:E21) -> 1.9484702 | D25: =SUM(C22:E22) -> 0.69021739 | E25: =SUM(C23:E23) -> 0.36670692 | H25: =SUM(H21:J21) -> 0.31965812 | I25: =SUM(H22:J22) -> 1.9456212 | J25: =SUM(H23:J23) -> 0.79008217 | M25: =SUM(M21:O21) -> 0.41283765 | N25: =SUM(M22:O22) -> 0.72180451 | O25: =SUM(M23:O23) -> 1.8908382 | R25: =SUM(R21:T21) -> 0.78143087 | S25: =SUM(R22:T22) -> 1.2155681 | T25: =SUM(R23:T23) -> 1.0046942
C27: =E15 -> 0.64794686 | D27: =E16 -> 0.22987118 | E27: =E17 -> 0.12218196 | H27: =J15 -> 0.10615632 | I27: =J16 -> 0.63334572 | J27: =J17 -> 0.26049796 | M27: =O15 -> 0.13728766 | N27: =O16 -> 0.23948761 | O27: =O17 -> 0.62322473 | R27: =T15 -> 0.260366 | S27: =T16 -> 0.40492095 | T27: =T17 -> 0.33471305
C29: =C25/C27 -> 3.0071451 | D29: =D25/D27 -> 3.002627 | E29: =E25/E27 -> 3.001318 | H29: =H25/H27 -> 3.0112019 | I29: =I25/I27 -> 3.0719734 | J29: =J25/J27 -> 3.0329688 | M29: =M25/M27 -> 3.0070994 | N29: =N25/N27 -> 3.0139535 | O29: =O25/O27 -> 3.0339589 | R29: =R25/R27 -> 3.0012785 | S29: =S25/S27 -> 3.0019887 | T29: =T25/T27 -> 3.0016582
D31: lambda | E31: =AVERAGE(C29:E29) -> 3.0036967 | I31: lambda | J31: =AVERAGE(H29:J29) -> 3.0387147 | N31: lambda | O31: =AVERAGE(M29:O29) -> 3.0183373 | S31: lambda | T31: =AVERAGE(R29:T29) -> 3.0016418
D32: CI | E32: =(E31-3)/2 -> 0.0018483339 | I32: CI | J32: =(J31-3)/2 -> 0.01935734 | N32: CI | O32: =(O31-3)/2 -> 0.0091686286 | S32: CI | T32: =(T31-3)/2 -> 0.00082089543
D33: CR | E33: =E32/0.52 -> 0.0035544883 | I33: CR | J33: =J32/0.52 -> 0.037225655 | N33: CR | O33: =O32/0.52 -> 0.017631978 | S33: CR | T33: =T32/0.52 -> 0.0015786451

Sheet AdministrativnoOpterećenje
C3: =B4 -> Automatsko izdavanje certifikata i digitalna dokumentacija smanjuju administrativne zadatke zaposlenika za oko 60 % u odnosu na ručni postupak. | D3: =B5 -> Uklanjanjem ručnih izvještaja i priprema za terenske kontrole, administrativno opterećenje zaposlenika smanjuje se za približno 40 %. | E3: =B6 -> Digitalna evidencija sudionika i automatizirani obrasci smanjuju administrativne zadatke u fazi pripreme za približno 30 %, iako provedba aktivnosti ostaje fizička. | H3: =G4 -> Automatsko izdavanje certifikata i digitalna dokumentacija smanjuju administrativne zadatke zaposlenika za oko 60 % u odnosu na ručni postupak. | I3: =G5 -> Uklanjanjem ručnih izvještaja i priprema za terenske kontrole, administrativno opterećenje zaposlenika smanjuje se za približno 40 %. | J3: =G6 -> Digitalna evidencija sudionika i automatizirani obrasci smanjuju administrativne zadatke u fazi pripreme za približno 30 %, iako provedba aktivnosti ostaje fizička. | M3: =L4 -> Automatsko izdavanje certifikata i digitalna dokumentacija smanjuju administrativne zadatke zaposlenika za oko 60 % u odnosu na ručni postupak. | N3: =L5 -> Uklanjanjem ručnih izvještaja i priprema za terenske kontrole, administrativno opterećenje zaposlenika smanjuje se za približno 40 %. | O3: =L6 -> Digitalna evidencija sudionika i automatizirani obrasci smanjuju administrativne zadatke u fazi pripreme za približno 30 %, iako provedba aktivnosti ostaje fizička. | R3: =Q4 -> Automatsko izdavanje certifikata i digitalna dokumentacija smanjuju administrativne zadatke zaposlenika za oko 60 % u odnosu na ručni postupak. | S3: =Q5 -> Uklanjanjem ručnih izvještaja i priprema za terenske kontrole, administrativno opterećenje zaposlenika smanjuje se za približno 40 %. | T3: =Q6 -> Digitalna evidencija sudionika i automatizirani obrasci smanjuju administrativne zadatke u fazi pripreme za približno 30 %, iako provedba aktivnosti ostaje fizička.
B4: Automatsko izdavanje certifikata i digitalna dokumentacija smanjuju administrativne zadatke zaposlenika za oko 60 % u odnosu na ručni postupak. | C4: 1 | D4: 2 | E4: 4 | G4: =B4 -> Automatsko izdavanje certifikata i digitalna dokumentacija smanjuju administrativne zadatke zaposlenika za oko 60 % u odnosu na ručni postupak. | H4: 1 | I4: 1 | J4: 5 | L4: =G4 -> Automatsko izdavanje certifikata i digitalna dokumentacija smanjuju administrativne zadatke zaposlenika za oko 60 % u odnosu na ručni postupak. | M4: 1 | N4: 3 | O4: 5 | Q4: =L4 -> Automatsko izdavanje certifikata i digitalna dokumentacija smanjuju administrativne zadatke zaposlenika za oko 60 % u odnosu na ručni postupak. | R4: =GEOMEAN(C4,H4,M4) -> 1 | S4: =GEOMEAN(D4,I4,N4) -> 1.8171206 | T4: =GEOMEAN(E4,J4,O4) -> 4.6415888
B5: Uklanjanjem ručnih izvještaja i priprema za terenske kontrole, administrativno opterećenje zaposlenika smanjuje se za približno 40 %. | C5: 0.5 | D5: 1 | E5: 2 | G5: =B5 -> Uklanjanjem ručnih izvještaja i priprema za terenske kontrole, administrativno opterećenje zaposlenika smanjuje se za približno 40 %. | H5: 1 | I5: 1 | J5: 5 | L5: =G5 -> Uklanjanjem ručnih izvještaja i priprema za terenske kontrole, administrativno opterećenje zaposlenika smanjuje se za približno 40 %. | M5: 0.33333333 | N5: 1 | O5: 2 | Q5: =L5 -> Uklanjanjem ručnih izvještaja i priprema za terenske kontrole, administrativno opterećenje zaposlenika smanjuje se za približno 40 %. | R5: =GEOMEAN(C5,H5,M5) -> 0.55032121 | S5: =GEOMEAN(D5,I5,N5) -> 1 | T5: =GEOMEAN(E5,J5,O5) -> 2.7144176
B6: Digitalna evidencija sudionika i automatizirani obrasci smanjuju administrativne zadatke u fazi pripreme za približno 30 %, iako provedba aktivnosti ostaje fizička. | C6: 0.25 | D6: 0.5 | E6: 1 | G6: =B6 -> Digitalna evidencija sudionika i automatizirani obrasci smanjuju administrativne zadatke u fazi pripreme za približno 30 %, iako provedba aktivnosti ostaje fizička. | H6: 0.2 | I6: 0.2 | J6: 1 | L6: =G6 -> Digitalna evidencija sudionika i automatizirani obrasci smanjuju administrativne zadatke u fazi pripreme za približno 30 %, iako provedba aktivnosti ostaje fizička. | M6: 0.2 | N6: 0.5 | O6: 1 | Q6: =L6 -> Digitalna evidencija sudionika i automatizirani obrasci smanjuju administrativne zadatke u fazi pripreme za približno 30 %, iako provedba aktivnosti ostaje fizička. | R6: =GEOMEAN(C6,H6,M6) -> 0.21544347 | S6: =GEOMEAN(D6,I6,N6) -> 0.36840315 | T6: =GEOMEAN(E6,J6,O6) -> 1
C8: =SUM(C4:C6) -> 1.75 | D8: =SUM(D4:D6) -> 3.5 | E8: =SUM(E4:E6) -> 7 | H8: =SUM(H4:H6) -> 2.2 | I8: =SUM(I4:I6) -> 2.2 | J8: =SUM(J4:J6) -> 11 | M8: =SUM(M4:M6) -> 1.5333333 | N8: =SUM(N4:N6) -> 4.5 | O8: =SUM(O4:O6) -> 8 | R8: =SUM(R4:R6) -> 1.7657647 | S8: =SUM(S4:S6) -> 3.1855237 | T8: =SUM(T4:T6) -> 8.3560065
C11: =C4/C$8 -> 0.57142857 | D11: =D4/D$8 -> 0.57142857 | E11: =E4/E$8 -> 0.57142857 | H11: =H4/H$8 -> 0.45454545 | I11: =I4/I$8 -> 0.45454545 | J11: =J4/J$8 -> 0.45454545 | M11: =M4/M$8 -> 0.65217391 | N11: =N4/N$8 -> 0.66666667 | O11: =O4/O$8 -> 0.625 | R11: =R4/R$8 -> 0.56632688 | S11: =S4/S$8 -> 0.57043072 | T11: =T4/T$8 -> 0.55547933
C12: =C5/C$8 -> 0.28571429 | D12: =D5/D$8 -> 0.28571429 | E12: =E5/E$8 -> 0.28571429 | H12: =H5/H$8 -> 0.45454545 | I12: =I5/I$8 -> 0.45454545 | J12: =J5/J$8 -> 0.45454545 | M12: =M5/M$8 -> 0.2173913 | N12: =N5/N$8 -> 0.22222222 | O12: =O5/O$8 -> 0.25 | R12: =R5/R$8 -> 0.31166169 | S12: =S5/S$8 -> 0.31392012 | T12: =T5/T$8 -> 0.32484628
C13: =C6/C$8 -> 0.14285714 | D13: =D6/D$8 -> 0.14285714 | E13: =E6/E$8 -> 0.14285714 | H13: =H6/H$8 -> 0.090909091 | I13: =I6/I$8 -> 0.090909091 | J13: =J6/J$8 -> 0.090909091 | M13: =M6/M$8 -> 0.13043478 | N13: =N6/N$8 -> 0.11111111 | O13: =O6/O$8 -> 0.125 | R13: =R6/R$8 -> 0.12201143 | S13: =S6/S$8 -> 0.11564916 | T13: =T6/T$8 -> 0.11967439
D15: =B4 -> Automatsko izdavanje certifikata i digitalna dokumentacija smanjuju administrativne zadatke zaposlenika za oko 60 % u odnosu na ručni postupak. | E15: =AVERAGE(C11:E11) -> 0.57142857 | I15: =G4 -> Automatsko izdavanje certifikata i digitalna dokumentacija smanjuju administrativne zadatke zaposlenika za oko 60 % u odnosu na ručni postupak. | J15: =AVERAGE(H11:J11) -> 0.45454545 | N15: =L4 -> Automatsko izdavanje certifikata i digitalna dokumentacija smanjuju administrativne zadatke zaposlenika za oko 60 % u odnosu na ručni postupak. | O15: =AVERAGE(M11:O11) -> 0.64794686 | S15: =Q4 -> Automatsko izdavanje certifikata i digitalna dokumentacija smanjuju administrativne zadatke zaposlenika za oko 60 % u odnosu na ručni postupak. | T15: =AVERAGE(R11:T11) -> 0.56407897
D16: =B5 -> Uklanjanjem ručnih izvještaja i priprema za terenske kontrole, administrativno opterećenje zaposlenika smanjuje se za približno 40 %. | E16: =AVERAGE(C12:E12) -> 0.28571429 | I16: =G5 -> Uklanjanjem ručnih izvještaja i priprema za terenske kontrole, administrativno opterećenje zaposlenika smanjuje se za približno 40 %. | J16: =AVERAGE(H12:J12) -> 0.45454545 | N16: =L5 -> Uklanjanjem ručnih izvještaja i priprema za terenske kontrole, administrativno opterećenje zaposlenika smanjuje se za približno 40 %. | O16: =AVERAGE(M12:O12) -> 0.22987118 | S16: =Q5 -> Uklanjanjem ručnih izvještaja i priprema za terenske kontrole, administrativno opterećenje zaposlenika smanjuje se za približno 40 %. | T16: =AVERAGE(R12:T12) -> 0.31680936
D17: =B6 -> Digitalna evidencija sudionika i automatizirani obrasci smanjuju administrativne zadatke u fazi pripreme za približno 30 %, iako provedba aktivnosti ostaje fizička. | E17: =AVERAGE(C13:E13) -> 0.14285714 | I17: =G6 -> Digitalna evidencija sudionika i automatizirani obrasci smanjuju administrativne zadatke u fazi pripreme za približno 30 %, iako provedba aktivnosti ostaje fizička. | J17: =AVERAGE(H13:J13) -> 0.090909091 | N17: =L6 -> Digitalna evidencija sudionika i automatizirani obrasci smanjuju administrativne zadatke u fazi pripreme za približno 30 %, iako provedba aktivnosti ostaje fizička. | O17: =AVERAGE(M13:O13) -> 0.12218196 | S17: =Q6 -> Digitalna evidencija sudionika i automatizirani obrasci smanjuju administrativne zadatke u fazi pripreme za približno 30 %, iako provedba aktivnosti ostaje fizička. | T17: =AVERAGE(R13:T13) -> 0.11911166
B19: konzistentnost | G19: konzistentnost | L19: konzistentnost | Q19: konzistentnost
C21: =C4*E$15 -> 0.57142857 | D21: =D4*E$16 -> 0.57142857 | E21: =E4*E$17 -> 0.57142857 | H21: =H4*J$15 -> 0.45454545 | I21: =I4*J$16 -> 0.45454545 | J21: =J4*J$17 -> 0.45454545 | M21: =M4*O$15 -> 0.64794686 | N21: =N4*O$16 -> 0.68961353 | O21: =O4*O$17 -> 0.61090982 | R21: =R4*T$15 -> 0.56407897 | S21: =S4*T$16 -> 0.57568082 | T21: =T4*T$17 -> 0.55286735
C22: =C5*E$15 -> 0.28571429 | D22: =D5*E$16 -> 0.28571429 | E22: =E5*E$17 -> 0.28571429 | H22: =H5*J$15 -> 0.45454545 | I22: =I5*J$16 -> 0.45454545 | J22: =J5*J$17 -> 0.45454545 | M22: =M5*O$15 -> 0.21598229 | N22: =N5*O$16 -> 0.22987118 | O22: =O5*O$17 -> 0.24436393 | R22: =R5*T$15 -> 0.31042462 | S22: =S5*T$16 -> 0.31680936 | T22: =T5*T$17 -> 0.32331879
C23: =C6*E$15 -> 0.14285714 | D23: =D6*E$16 -> 0.14285714 | E23: =E6*E$17 -> 0.14285714 | H23: =H6*J$15 -> 0.090909091 | I23: =I6*J$16 -> 0.090909091 | J23: =J6*J$17 -> 0.090909091 | M23: =M6*O$15 -> 0.12958937 | N23: =N6*O$16 -> 0.11493559 | O23: =O6*O$17 -> 0.12218196 | R23: =R6*T$15 -> 0.12152713 | S23: =S6*T$16 -> 0.11671357 | T23: =T6*T$17 -> 0.11911166
C25: =SUM(C21:E21) -> 1.7142857 | D25: =SUM(C22:E22) -> 0.85714286 | E25: =SUM(C23:E23) -> 0.42857143 | H25: =SUM(H21:J21) -> 1.3636364 | I25: =SUM(H22:J22) -> 1.3636364 | J25: =SUM(H23:J23) -> 0.27272727 | M25: =SUM(M21:O21) -> 1.9484702 | N25: =SUM(M22:O22) -> 0.69021739 | O25: =SUM(M23:O23) -> 0.36670692 | R25: =SUM(R21:T21) -> 1.6926271 | S25: =SUM(R22:T22) -> 0.95055278 | T25: =SUM(R23:T23) -> 0.35735236
C27: =E15 -> 0.57142857 | D27: =E16 -> 0.28571429 | E27: =E17 -> 0.14285714 | H27: =J15 -> 0.45454545 | I27: =J16 -> 0.45454545 | J27: =J17 -> 0.090909091 | M27: =O15 -> 0.64794686 | N27: =O16 -> 0.22987118 | O27: =O17 -> 0.12218196 | R27: =T15 -> 0.56407897 | S27: =T16 -> 0.31680936 | T27: =T17 -> 0.11911166
C29: =C25/C27 -> 3 | D29: =D25/D27 -> 3 | E29: =E25/E27 -> 3 | H29: =H25/H27 -> 3 | I29: =I25/I27 -> 3 | J29: =J25/J27 -> 3 | M29: =M25/M27 -> 3.0071451 | N29: =N25/N27 -> 3.002627 | O29: =O25/O27 -> 3.001318 | R29: =R25/R27 -> 3.0006918 | S29: =S25/S27 -> 3.0003936 | T29: =T25/T27 -> 3.0001459
D31: lambda | E31: =AVERAGE(C29:E29) -> 3 | I31: lambda | J31: =AVERAGE(H29:J29) -> 3 | N31: lambda | O31: =AVERAGE(M29:O29) -> 3.0036967 | S31: lambda | T31: =AVERAGE(R29:T29) -> 3.0004104
D32: CI | E32: =(E31-3)/2 -> 0 | I32: CI | J32: =(J31-3)/2 -> 0 | N32: CI | O32: =(O31-3)/2 -> 0.0018483339 | S32: CI | T32: =(T31-3)/2 -> 0.0002052076
D33: CR | E33: =E32/0.52 -> 0 | I33: CR | J33: =J32/0.52 -> 0 | N33: CR | O33: =O32/0.52 -> 0.0035544883 | S33: CR | T33: =T32/0.52 -> 0.00039463

Sheet KoordinacijaIzmeđuOdjela
C3: =B4 -> Centralizirani sustav smanjuje potrebu za međusobnom komunikacijom između administracije i stručnih odjela za približno 45 %, jer su svi podaci dostupni na jednom mjestu. | D3: =B5 -> Digitalni zapisi i snimke omogućuju bržu razmjenu informacija, čime se vrijeme potrebno za usklađivanje između odjela smanjuje za 35 %. | E3: =B6 -> Digitalni planovi i automatizirane prijave smanjuju potrebu za intenzivnom koordinacijom između logistike, organizatora i marketinga za oko 30 %. | H3: =G4 -> Centralizirani sustav smanjuje potrebu za međusobnom komunikacijom između administracije i stručnih odjela za približno 45 %, jer su svi podaci dostupni na jednom mjestu. | I3: =G5 -> Digitalni zapisi i snimke omogućuju bržu razmjenu informacija, čime se vrijeme potrebno za usklađivanje između odjela smanjuje za 35 %. | J3: =G6 -> Digitalni planovi i automatizirane prijave smanjuju potrebu za intenzivnom koordinacijom između logistike, organizatora i marketinga za oko 30 %. | M3: =L4 -> Centralizirani sustav smanjuje potrebu za međusobnom komunikacijom između administracije i stručnih odjela za približno 45 %, jer su svi podaci dostupni na jednom mjestu. | N3: =L5 -> Digitalni zapisi i snimke omogućuju bržu razmjenu informacija, čime se vrijeme potrebno za usklađivanje između odjela smanjuje za 35 %. | O3: =L6 -> Digitalni planovi i automatizirane prijave smanjuju potrebu za intenzivnom koordinacijom između logistike, organizatora i marketinga za oko 30 %. | R3: =Q4 -> Centralizirani sustav smanjuje potrebu za međusobnom komunikacijom između administracije i stručnih odjela za približno 45 %, jer su svi podaci dostupni na jednom mjestu. | S3: =Q5 -> Digitalni zapisi i snimke omogućuju bržu razmjenu informacija, čime se vrijeme potrebno za usklađivanje između odjela smanjuje za 35 %. | T3: =Q6 -> Digitalni planovi i automatizirane prijave smanjuju potrebu za intenzivnom koordinacijom između logistike, organizatora i marketinga za oko 30 %.
B4: Centralizirani sustav smanjuje potrebu za međusobnom komunikacijom između administracije i stručnih odjela za približno 45 %, jer su svi podaci dostupni na jednom mjestu. | C4: 1 | D4: 2 | E4: 3 | G4: =B4 -> Centralizirani sustav smanjuje potrebu za međusobnom komunikacijom između administracije i stručnih odjela za približno 45 %, jer su svi podaci dostupni na jednom mjestu. | H4: 1 | I4: 0.5 | J4: 3 | L4: =G4 -> Centralizirani sustav smanjuje potrebu za međusobnom komunikacijom između administracije i stručnih odjela za približno 45 %, jer su svi podaci dostupni na jednom mjestu. | M4: 1 | N4: 5 | O4: 5 | Q4: =L4 -> Centralizirani sustav smanjuje potrebu za međusobnom komunikacijom između administracije i stručnih odjela za približno 45 %, jer su svi podaci dostupni na jednom mjestu. | R4: =GEOMEAN(C4,H4,M4) -> 1 | S4: =GEOMEAN(D4,I4,N4) -> 1.7099759 | T4: =GEOMEAN(E4,J4,O4) -> 3.5568933
B5: Digitalni zapisi i snimke omogućuju bržu razmjenu informacija, čime se vrijeme potrebno za usklađivanje između odjela smanjuje za 35 %. | C5: 0.5 | D5: 1 | E5: 2 | G5: =B5 -> Digitalni zapisi i snimke omogućuju bržu razmjenu informacija, čime se vrijeme potrebno za usklađivanje između odjela smanjuje za 35 %. | H5: 2 | I5: 1 | J5: 4 | L5: =G5 -> Digitalni zapisi i snimke omogućuju bržu razmjenu informacija, čime se vrijeme potrebno za usklađivanje između odjela smanjuje za 35 %. | M5: 0.2 | N5: 1 | O5: 1 | Q5: =L5 -> Digitalni zapisi i snimke omogućuju bržu razmjenu informacija, čime se vrijeme potrebno za usklađivanje između odjela smanjuje za 35 %. | R5: =GEOMEAN(C5,H5,M5) -> 0.58480355 | S5: =GEOMEAN(D5,I5,N5) -> 1 | T5: =GEOMEAN(E5,J5,O5) -> 2
B6: Digitalni planovi i automatizirane prijave smanjuju potrebu za intenzivnom koordinacijom između logistike, organizatora i marketinga za oko 30 %. | C6: 0.33333333 | D6: 0.5 | E6: 1 | G6: =B6 -> Digitalni planovi i automatizirane prijave smanjuju potrebu za intenzivnom koordinacijom između logistike, organizatora i marketinga za oko 30 %. | H6: 0.33333333 | I6: 0.25 | J6: 1 | L6: =G6 -> Digitalni planovi i automatizirane prijave smanjuju potrebu za intenzivnom koordinacijom između logistike, organizatora i marketinga za oko 30 %. | M6: 0.2 | N6: 1 | O6: 1 | Q6: =L6 -> Digitalni planovi i automatizirane prijave smanjuju potrebu za intenzivnom koordinacijom između logistike, organizatora i marketinga za oko 30 %. | R6: =GEOMEAN(C6,H6,M6) -> 0.28114422 | S6: =GEOMEAN(D6,I6,N6) -> 0.5 | T6: =GEOMEAN(E6,J6,O6) -> 1
C8: =SUM(C4:C6) -> 1.8333333 | D8: =SUM(D4:D6) -> 3.5 | E8: =SUM(E4:E6) -> 6 | H8: =SUM(H4:H6) -> 3.3333333 | I8: =SUM(I4:I6) -> 1.75 | J8: =SUM(J4:J6) -> 8 | M8: =SUM(M4:M6) -> 1.4 | N8: =SUM(N4:N6) -> 7 | O8: =SUM(O4:O6) -> 7 | R8: =SUM(R4:R6) -> 1.8659478 | S8: =SUM(S4:S6) -> 3.2099759 | T8: =SUM(T4:T6) -> 6.5568933
C11: =C4/C$8 -> 0.54545455 | D11: =D4/D$8 -> 0.57142857 | E11: =E4/E$8 -> 0.5 | H11: =H4/H$8 -> 0.3 | I11: =I4/I$8 -> 0.28571429 | J11: =J4/J$8 -> 0.375 | M11: =M4/M$8 -> 0.71428571 | N11: =N4/N$8 -> 0.71428571 | O11: =O4/O$8 -> 0.71428571 | R11: =R4/R$8 -> 0.53592068 | S11: =S4/S$8 -> 0.53270678 | T11: =T4/T$8 -> 0.54246625
C12: =C5/C$8 -> 0.27272727 | D12: =D5/D$8 -> 0.28571429 | E12: =E5/E$8 -> 0.33333333 | H12: =H5/H$8 -> 0.6 | I12: =I5/I$8 -> 0.57142857 | J12: =J5/J$8 -> 0.5 | M12: =M5/M$8 -> 0.14285714 | N12: =N5/N$8 -> 0.14285714 | O12: =O5/O$8 -> 0.14285714 | R12: =R5/R$8 -> 0.31340832 | S12: =S5/S$8 -> 0.31152881 | T12: =T5/T$8 -> 0.3050225
C13: =C6/C$8 -> 0.18181818 | D13: =D6/D$8 -> 0.14285714 | E13: =E6/E$8 -> 0.16666667 | H13: =H6/H$8 -> 0.1 | I13: =I6/I$8 -> 0.14285714 | J13: =J6/J$8 -> 0.125 | M13: =M6/M$8 -> 0.14285714 | N13: =N6/N$8 -> 0.14285714 | O13: =O6/O$8 -> 0.14285714 | R13: =R6/R$8 -> 0.150671 | S13: =S6/S$8 -> 0.15576441 | T13: =T6/T$8 -> 0.15251125
D15: =B4 -> Centralizirani sustav smanjuje potrebu za međusobnom komunikacijom između administracije i stručnih odjela za približno 45 %, jer su svi podaci dostupni na jednom mjestu. | E15: =AVERAGE(C11:E11) -> 0.53896104 | I15: =G4 -> Centralizirani sustav smanjuje potrebu za međusobnom komunikacijom između administracije i stručnih odjela za približno 45 %, jer su svi podaci dostupni na jednom mjestu. | J15: =AVERAGE(H11:J11) -> 0.3202381 | N15: =L4 -> Centralizirani sustav smanjuje potrebu za međusobnom komunikacijom između administracije i stručnih odjela za približno 45 %, jer su svi podaci dostupni na jednom mjestu. | O15: =AVERAGE(M11:O11) -> 0.71428571 | S15: =Q4 -> Centralizirani sustav smanjuje potrebu za međusobnom komunikacijom između administracije i stručnih odjela za približno 45 %, jer su svi podaci dostupni na jednom mjestu. | T15: =AVERAGE(R11:T11) -> 0.53703124
D16: =B5 -> Digitalni zapisi i snimke omogućuju bržu razmjenu informacija, čime se vrijeme potrebno za usklađivanje između odjela smanjuje za 35 %. | E16: =AVERAGE(C12:E12) -> 0.2972583 | I16: =G5 -> Digitalni zapisi i snimke omogućuju bržu razmjenu informacija, čime se vrijeme potrebno za usklađivanje između odjela smanjuje za 35 %. | J16: =AVERAGE(H12:J12) -> 0.55714286 | N16: =L5 -> Digitalni zapisi i snimke omogućuju bržu razmjenu informacija, čime se vrijeme potrebno za usklađivanje između odjela smanjuje za 35 %. | O16: =AVERAGE(M12:O12) -> 0.14285714 | S16: =Q5 -> Digitalni zapisi i snimke omogućuju bržu razmjenu informacija, čime se vrijeme potrebno za usklađivanje između odjela smanjuje za 35 %. | T16: =AVERAGE(R12:T12) -> 0.30998654
D17: =B6 -> Digitalni planovi i automatizirane prijave smanjuju potrebu za intenzivnom koordinacijom između logistike, organizatora i marketinga za oko 30 %. | E17: =AVERAGE(C13:E13) -> 0.16378066 | I17: =G6 -> Digitalni planovi i automatizirane prijave smanjuju potrebu za intenzivnom koordinacijom između logistike, organizatora i marketinga za oko 30 %. | J17: =AVERAGE(H13:J13) -> 0.12261905 | N17: =L6 -> Digitalni planovi i automatizirane prijave smanjuju potrebu za intenzivnom koordinacijom između logistike, organizatora i marketinga za oko 30 %. | O17: =AVERAGE(M13:O13) -> 0.14285714 | S17: =Q6 -> Digitalni planovi i automatizirane prijave smanjuju potrebu za intenzivnom koordinacijom između logistike, organizatora i marketinga za oko 30 %. | T17: =AVERAGE(R13:T13) -> 0.15298222
B19: konzistentnost | G19: konzistentnost | L19: konzistentnost | Q19: konzistentnost
C21: =C4*E$15 -> 0.53896104 | D21: =D4*E$16 -> 0.59451659 | E21: =E4*E$17 -> 0.49134199 | H21: =H4*J$15 -> 0.3202381 | I21: =I4*J$16 -> 0.27857143 | J21: =J4*J$17 -> 0.36785714 | M21: =M4*O$15 -> 0.71428571 | N21: =N4*O$16 -> 0.71428571 | O21: =O4*O$17 -> 0.71428571 | R21: =R4*T$15 -> 0.53703124 | S21: =S4*T$16 -> 0.53006953 | T21: =T4*T$17 -> 0.54414144
C22: =C5*E$15 -> 0.26948052 | D22: =D5*E$16 -> 0.2972583 | E22: =E5*E$17 -> 0.32756133 | H22: =H5*J$15 -> 0.64047619 | I22: =I5*J$16 -> 0.55714286 | J22: =J5*J$17 -> 0.49047619 | M22: =M5*O$15 -> 0.14285714 | N22: =N5*O$16 -> 0.14285714 | O22: =O5*O$17 -> 0.14285714 | R22: =R5*T$15 -> 0.31405777 | S22: =S5*T$16 -> 0.30998654 | T22: =T5*T$17 -> 0.30596444
C23: =C6*E$15 -> 0.17965368 | D23: =D6*E$16 -> 0.14862915 | E23: =E6*E$17 -> 0.16378066 | H23: =H6*J$15 -> 0.10674603 | I23: =I6*J$16 -> 0.13928571 | J23: =J6*J$17 -> 0.12261905 | M23: =M6*O$15 -> 0.14285714 | N23: =N6*O$16 -> 0.14285714 | O23: =O6*O$17 -> 0.14285714 | R23: =R6*T$15 -> 0.15098323 | S23: =S6*T$16 -> 0.15499327 | T23: =T6*T$17 -> 0.15298222
C25: =SUM(C21:E21) -> 1.6248196 | D25: =SUM(C22:E22) -> 0.89430014 | E25: =SUM(C23:E23) -> 0.49206349 | H25: =SUM(H21:J21) -> 0.96666667 | I25: =SUM(H22:J22) -> 1.6880952 | J25: =SUM(H23:J23) -> 0.36865079 | M25: =SUM(M21:O21) -> 2.1428571 | N25: =SUM(M22:O22) -> 0.42857143 | O25: =SUM(M23:O23) -> 0.42857143 | R25: =SUM(R21:T21) -> 1.6112422 | S25: =SUM(R22:T22) -> 0.93000876 | T25: =SUM(R23:T23) -> 0.45895872
C27: =E15 -> 0.53896104 | D27: =E16 -> 0.2972583 | E27: =E17 -> 0.16378066 | H27: =J15 -> 0.3202381 | I27: =J16 -> 0.55714286 | J27: =J17 -> 0.12261905 | M27: =O15 -> 0.71428571 | N27: =O16 -> 0.14285714 | O27: =O17 -> 0.14285714 | R27: =T15 -> 0.53703124 | S27: =T16 -> 0.30998654 | T27: =T17 -> 0.15298222
C29: =C25/C27 -> 3.0147256 | D29: =D25/D27 -> 3.0084951 | E29: =E25/E27 -> 3.0044053 | H29: =H25/H27 -> 3.0185874 | I29: =I25/I27 -> 3.0299145 | J29: =J25/J27 -> 3.0064725 | M29: =M25/M27 -> 3 | N29: =N25/N27 -> 3 | O29: =O25/O27 -> 3 | R29: =R25/R27 -> 3.0002765 | S29: =S25/S27 -> 3.0001585 | T29: =T25/T27 -> 3.0000788
D31: lambda | E31: =AVERAGE(C29:E29) -> 3.0092087 | I31: lambda | J31: =AVERAGE(H29:J29) -> 3.0183248 | N31: lambda | O31: =AVERAGE(M29:O29) -> 3 | S31: lambda | T31: =AVERAGE(R29:T29) -> 3.0001713
D32: CI | E32: =(E31-3)/2 -> 0.0046043335 | I32: CI | J32: =(J31-3)/2 -> 0.0091623971 | N32: CI | O32: =(O31-3)/2 -> 0 | S32: CI | T32: =(T31-3)/2 -> 8.5637158e-05
D33: CR | E33: =E32/0.52 -> 0.0088544875 | I33: CR | J33: =J32/0.52 -> 0.017619994 | N33: CR | O33: =O32/0.52 -> 0 | S33: CR | T33: =T32/0.52 -> 0.00016468684

Sheet KomunikacijaIPristupPodacima
C3: =B4 -> Klijenti samostalno pristupaju dokumentima i informacijama, čime se broj upita prema administraciji smanjuje za 30–40 %. | D3: =B5 -> Sve informacije razmjenjuju se digitalno i dostupne su u realnom vremenu, što skraćuje komunikaciju za 40 %. | E3: =B6 -> Pristup informacijama o programu i terminima je digitalan, čime se smanjuje broj dodatnih upita za 30 %. | H3: =G4 -> Klijenti samostalno pristupaju dokumentima i informacijama, čime se broj upita prema administraciji smanjuje za 30–40 %. | I3: =G5 -> Sve informacije razmjenjuju se digitalno i dostupne su u realnom vremenu, što skraćuje komunikaciju za 40 %. | J3: =G6 -> Pristup informacijama o programu i terminima je digitalan, čime se smanjuje broj dodatnih upita za 30 %. | M3: =L4 -> Klijenti samostalno pristupaju dokumentima i informacijama, čime se broj upita prema administraciji smanjuje za 30–40 %. | N3: =L5 -> Sve informacije razmjenjuju se digitalno i dostupne su u realnom vremenu, što skraćuje komunikaciju za 40 %. | O3: =L6 -> Pristup informacijama o programu i terminima je digitalan, čime se smanjuje broj dodatnih upita za 30 %. | R3: =Q4 -> Klijenti samostalno pristupaju dokumentima i informacijama, čime se broj upita prema administraciji smanjuje za 30–40 %. | S3: =Q5 -> Sve informacije razmjenjuju se digitalno i dostupne su u realnom vremenu, što skraćuje komunikaciju za 40 %. | T3: =Q6 -> Pristup informacijama o programu i terminima je digitalan, čime se smanjuje broj dodatnih upita za 30 %.
B4: Klijenti samostalno pristupaju dokumentima i informacijama, čime se broj upita prema administraciji smanjuje za 30–40 %. | C4: 1 | D4: 0.33333333 | E4: 2 | G4: =B4 -> Klijenti samostalno pristupaju dokumentima i informacijama, čime se broj upita prema administraciji smanjuje za 30–40 %. | H4: 1 | I4: 2 | J4: 5 | L4: =G4 -> Klijenti samostalno pristupaju dokumentima i informacijama, čime se broj upita prema administraciji smanjuje za 30–40 %. | M4: 1 | N4: 1 | O4: 3 | Q4: =L4 -> Klijenti samostalno pristupaju dokumentima i informacijama, čime se broj upita prema administraciji smanjuje za 30–40 %. | R4: =GEOMEAN(C4,H4,M4) -> 1 | S4: =GEOMEAN(D4,I4,N4) -> 0.87358046 | T4: =GEOMEAN(E4,J4,O4) -> 3.1072325
B5: Sve informacije razmjenjuju se digitalno i dostupne su u realnom vremenu, što skraćuje komunikaciju za 40 %. | C5: 3 | D5: 1 | E5: 4 | G5: =B5 -> Sve informacije razmjenjuju se digitalno i dostupne su u realnom vremenu, što skraćuje komunikaciju za 40 %. | H5: 0.5 | I5: 1 | J5: 4 | L5: =G5 -> Sve informacije razmjenjuju se digitalno i dostupne su u realnom vremenu, što skraćuje komunikaciju za 40 %. | M5: 1 | N5: 1 | O5: 4 | Q5: =L5 -> Sve informacije razmjenjuju se digitalno i dostupne su u realnom vremenu, što skraćuje komunikaciju za 40 %. | R5: =GEOMEAN(C5,H5,M5) -> 1.1447142 | S5: =GEOMEAN(D5,I5,N5) -> 1 | T5: =GEOMEAN(E5,J5,O5) -> 4
B6: Pristup informacijama o programu i terminima je digitalan, čime se smanjuje broj dodatnih upita za 30 %. | C6: 0.5 | D6: 0.25 | E6: 1 | G6: =B6 -> Pristup informacijama o programu i terminima je digitalan, čime se smanjuje broj dodatnih upita za 30 %. | H6: 0.2 | I6: 0.25 | J6: 1 | L6: =G6 -> Pristup informacijama o programu i terminima je digitalan, čime se smanjuje broj dodatnih upita za 30 %. | M6: 0.33333333 | N6: 0.25 | O6: 1 | Q6: =L6 -> Pristup informacijama o programu i terminima je digitalan, čime se smanjuje broj dodatnih upita za 30 %. | R6: =GEOMEAN(C6,H6,M6) -> 0.32182979 | S6: =GEOMEAN(D6,I6,N6) -> 0.25 | T6: =GEOMEAN(E6,J6,O6) -> 1
C8: =SUM(C4:C6) -> 4.5 | D8: =SUM(D4:D6) -> 1.5833333 | E8: =SUM(E4:E6) -> 7 | H8: =SUM(H4:H6) -> 1.7 | I8: =SUM(I4:I6) -> 3.25 | J8: =SUM(J4:J6) -> 10 | M8: =SUM(M4:M6) -> 2.3333333 | N8: =SUM(N4:N6) -> 2.25 | O8: =SUM(O4:O6) -> 8 | R8: =SUM(R4:R6) -> 2.466544 | S8: =SUM(S4:S6) -> 2.1235805 | T8: =SUM(T4:T6) -> 8.1072325
C11: =C4/C$8 -> 0.22222222 | D11: =D4/D$8 -> 0.21052632 | E11: =E4/E$8 -> 0.28571429 | H11: =H4/H$8 -> 0.58823529 | I11: =I4/I$8 -> 0.61538462 | J11: =J4/J$8 -> 0.5 | M11: =M4/M$8 -> 0.42857143 | N11: =N4/N$8 -> 0.44444444 | O11: =O4/O$8 -> 0.375 | R11: =R4/R$8 -> 0.40542556 | S11: =S4/S$8 -> 0.41137149 | T11: =T4/T$8 -> 0.38326673
C12: =C5/C$8 -> 0.66666667 | D12: =D5/D$8 -> 0.63157895 | E12: =E5/E$8 -> 0.57142857 | H12: =H5/H$8 -> 0.29411765 | I12: =I5/I$8 -> 0.30769231 | J12: =J5/J$8 -> 0.4 | M12: =M5/M$8 -> 0.42857143 | N12: =N5/N$8 -> 0.44444444 | O12: =O5/O$8 -> 0.5 | R12: =R5/R$8 -> 0.46409641 | S12: =S5/S$8 -> 0.47090281 | T12: =T5/T$8 -> 0.49338661
C13: =C6/C$8 -> 0.11111111 | D13: =D6/D$8 -> 0.15789474 | E13: =E6/E$8 -> 0.14285714 | H13: =H6/H$8 -> 0.11764706 | I13: =I6/I$8 -> 0.076923077 | J13: =J6/J$8 -> 0.1 | M13: =M6/M$8 -> 0.14285714 | N13: =N6/N$8 -> 0.11111111 | O13: =O6/O$8 -> 0.125 | R13: =R6/R$8 -> 0.13047803 | S13: =S6/S$8 -> 0.1177257 | T13: =T6/T$8 -> 0.12334665
D15: =B4 -> Klijenti samostalno pristupaju dokumentima i informacijama, čime se broj upita prema administraciji smanjuje za 30–40 %. | E15: =AVERAGE(C11:E11) -> 0.23948761 | I15: =G4 -> Klijenti samostalno pristupaju dokumentima i informacijama, čime se broj upita prema administraciji smanjuje za 30–40 %. | J15: =AVERAGE(H11:J11) -> 0.5678733 | N15: =L4 -> Klijenti samostalno pristupaju dokumentima i informacijama, čime se broj upita prema administraciji smanjuje za 30–40 %. | O15: =AVERAGE(M11:O11) -> 0.41600529 | S15: =Q4 -> Klijenti samostalno pristupaju dokumentima i informacijama, čime se broj upita prema administraciji smanjuje za 30–40 %. | T15: =AVERAGE(R11:T11) -> 0.40002126
D16: =B5 -> Sve informacije razmjenjuju se digitalno i dostupne su u realnom vremenu, što skraćuje komunikaciju za 40 %. | E16: =AVERAGE(C12:E12) -> 0.62322473 | I16: =G5 -> Sve informacije razmjenjuju se digitalno i dostupne su u realnom vremenu, što skraćuje komunikaciju za 40 %. | J16: =AVERAGE(H12:J12) -> 0.33393665 | N16: =L5 -> Sve informacije razmjenjuju se digitalno i dostupne su u realnom vremenu, što skraćuje komunikaciju za 40 %. | O16: =AVERAGE(M12:O12) -> 0.45767196 | S16: =Q5 -> Sve informacije razmjenjuju se digitalno i dostupne su u realnom vremenu, što skraćuje komunikaciju za 40 %. | T16: =AVERAGE(R12:T12) -> 0.47612861
D17: =B6 -> Pristup informacijama o programu i terminima je digitalan, čime se smanjuje broj dodatnih upita za 30 %. | E17: =AVERAGE(C13:E13) -> 0.13728766 | I17: =G6 -> Pristup informacijama o programu i terminima je digitalan, čime se smanjuje broj dodatnih upita za 30 %. | J17: =AVERAGE(H13:J13) -> 0.098190045 | N17: =L6 -> Pristup informacijama o programu i terminima je digitalan, čime se smanjuje broj dodatnih upita za 30 %. | O17: =AVERAGE(M13:O13) -> 0.12632275 | S17: =Q6 -> Pristup informacijama o programu i terminima je digitalan, čime se smanjuje broj dodatnih upita za 30 %. | T17: =AVERAGE(R13:T13) -> 0.12385013
B19: konzistentnost | G19: konzistentnost | L19: konzistentnost | Q19: konzistentnost
C21: =C4*E$15 -> 0.23948761 | D21: =D4*E$16 -> 0.20774158 | E21: =E4*E$17 -> 0.27457533 | H21: =H4*J$15 -> 0.5678733 | I21: =I4*J$16 -> 0.6678733 | J21: =J4*J$17 -> 0.49095023 | M21: =M4*O$15 -> 0.41600529 | N21: =N4*O$16 -> 0.45767196 | O21: =O4*O$17 -> 0.37896825 | R21: =R4*T$15 -> 0.40002126 | S21: =S4*T$16 -> 0.41593665 | T21: =T4*T$17 -> 0.38483114
C22: =C5*E$15 -> 0.71846282 | D22: =D5*E$16 -> 0.62322473 | E22: =E5*E$17 -> 0.54915065 | H22: =H5*J$15 -> 0.28393665 | I22: =I5*J$16 -> 0.33393665 | J22: =J5*J$17 -> 0.39276018 | M22: =M5*O$15 -> 0.41600529 | N22: =N5*O$16 -> 0.45767196 | O22: =O5*O$17 -> 0.50529101 | R22: =R5*T$15 -> 0.45791004 | S22: =S5*T$16 -> 0.47612861 | T22: =T5*T$17 -> 0.49540051
C23: =C6*E$15 -> 0.1197438 | D23: =D6*E$16 -> 0.15580618 | E23: =E6*E$17 -> 0.13728766 | H23: =H6*J$15 -> 0.11357466 | I23: =I6*J$16 -> 0.083484163 | J23: =J6*J$17 -> 0.098190045 | M23: =M6*O$15 -> 0.13866843 | N23: =N6*O$16 -> 0.11441799 | O23: =O6*O$17 -> 0.12632275 | R23: =R6*T$15 -> 0.12873876 | S23: =S6*T$16 -> 0.11903215 | T23: =T6*T$17 -> 0.12385013
C25: =SUM(C21:E21) -> 0.72180451 | D25: =SUM(C22:E22) -> 1.8908382 | E25: =SUM(C23:E23) -> 0.41283765 | H25: =SUM(H21:J21) -> 1.7266968 | I25: =SUM(H22:J22) -> 1.0106335 | J25: =SUM(H23:J23) -> 0.29524887 | M25: =SUM(M21:O21) -> 1.2526455 | N25: =SUM(M22:O22) -> 1.3789683 | O25: =SUM(M23:O23) -> 0.37940917 | R25: =SUM(R21:T21) -> 1.2007891 | S25: =SUM(R22:T22) -> 1.4294392 | T25: =SUM(R23:T23) -> 0.37162104
C27: =E15 -> 0.23948761 | D27: =E16 -> 0.62322473 | E27: =E17 -> 0.13728766 | H27: =J15 -> 0.5678733 | I27: =J16 -> 0.33393665 | J27: =J17 -> 0.098190045 | M27: =O15 -> 0.41600529 | N27: =O16 -> 0.45767196 | O27: =O17 -> 0.12632275 | R27: =T15 -> 0.40002126 | S27: =T16 -> 0.47612861 | T27: =T17 -> 0.12385013
C29: =C25/C27 -> 3.0139535 | D29: =D25/D27 -> 3.0339589 | E29: =E25/E27 -> 3.0070994 | H29: =H25/H27 -> 3.0406375 | I29: =I25/I27 -> 3.0264228 | J29: =J25/J27 -> 3.0069124 | M29: =M25/M27 -> 3.0111288 | N29: =N25/N27 -> 3.0130058 | O29: =O25/O27 -> 3.0034904 | R29: =R25/R27 -> 3.0018131 | S29: =S25/S27 -> 3.0022123 | T29: =T25/T27 -> 3.0005705
D31: lambda | E31: =AVERAGE(C29:E29) -> 3.0183373 | I31: lambda | J31: =AVERAGE(H29:J29) -> 3.0246576 | N31: lambda | O31: =AVERAGE(M29:O29) -> 3.0092083 | S31: lambda | T31: =AVERAGE(R29:T29) -> 3.001532
D32: CI | E32: =(E31-3)/2 -> 0.0091686286 | I32: CI | J32: =(J31-3)/2 -> 0.012328776 | N32: CI | O32: =(O31-3)/2 -> 0.0046041596 | S32: CI | T32: =(T31-3)/2 -> 0.00076597754
D33: CR | E33: =E32/0.52 -> 0.017631978 | I33: CR | J33: =J32/0.52 -> 0.023709185 | N33: CR | O33: =O32/0.52 -> 0.0088541531 | S33: CR | T33: =T32/0.52 -> 0.0014730337

Sheet TransparentnostPostupaka
C3: =B4 -> QR kod omogućuje klijentima trenutačan uvid u autentičnost certifikata i status postupka u 100 % slučajeva. | D3: =B5 -> Klijenti imaju uvid u tijek kontrole i zapise, čime se smanjuje potreba za dodatnim pojašnjenjima i dolascima. | E3: =B6 -> Klijenti unaprijed dobivaju digitalni plan aktivnosti, raspored i očekivane rezultate, što smanjuje nejasnoće. | H3: =G4 -> QR kod omogućuje klijentima trenutačan uvid u autentičnost certifikata i status postupka u 100 % slučajeva. | I3: =G5 -> Klijenti imaju uvid u tijek kontrole i zapise, čime se smanjuje potreba za dodatnim pojašnjenjima i dolascima. | J3: =G6 -> Klijenti unaprijed dobivaju digitalni plan aktivnosti, raspored i očekivane rezultate, što smanjuje nejasnoće. | M3: =L4 -> QR kod omogućuje klijentima trenutačan uvid u autentičnost certifikata i status postupka u 100 % slučajeva. | N3: =L5 -> Klijenti imaju uvid u tijek kontrole i zapise, čime se smanjuje potreba za dodatnim pojašnjenjima i dolascima. | O3: =L6 -> Klijenti unaprijed dobivaju digitalni plan aktivnosti, raspored i očekivane rezultate, što smanjuje nejasnoće. | R3: =Q4 -> QR kod omogućuje klijentima trenutačan uvid u autentičnost certifikata i status postupka u 100 % slučajeva. | S3: =Q5 -> Klijenti imaju uvid u tijek kontrole i zapise, čime se smanjuje potreba za dodatnim pojašnjenjima i dolascima. | T3: =Q6 -> Klijenti unaprijed dobivaju digitalni plan aktivnosti, raspored i očekivane rezultate, što smanjuje nejasnoće.
B4: QR kod omogućuje klijentima trenutačan uvid u autentičnost certifikata i status postupka u 100 % slučajeva. | C4: 1 | D4: 5 | E4: 3 | G4: =B4 -> QR kod omogućuje klijentima trenutačan uvid u autentičnost certifikata i status postupka u 100 % slučajeva. | H4: 1 | I4: 0.2 | J4: 0.33333333 | L4: =G4 -> QR kod omogućuje klijentima trenutačan uvid u autentičnost certifikata i status postupka u 100 % slučajeva. | M4: 1 | N4: 1 | O4: 4 | Q4: =L4 -> QR kod omogućuje klijentima trenutačan uvid u autentičnost certifikata i status postupka u 100 % slučajeva. | R4: =GEOMEAN(C4,H4,M4) -> 1 | S4: =GEOMEAN(D4,I4,N4) -> 1 | T4: =GEOMEAN(E4,J4,O4) -> 1.5874011
B5: Klijenti imaju uvid u tijek kontrole i zapise, čime se smanjuje potreba za dodatnim pojašnjenjima i dolascima. | C5: 0.2 | D5: 1 | E5: 0.5 | G5: =B5 -> Klijenti imaju uvid u tijek kontrole i zapise, čime se smanjuje potreba za dodatnim pojašnjenjima i dolascima. | H5: 5 | I5: 1 | J5: 3 | L5: =G5 -> Klijenti imaju uvid u tijek kontrole i zapise, čime se smanjuje potreba za dodatnim pojašnjenjima i dolascima. | M5: 1 | N5: 1 | O5: 5 | Q5: =L5 -> Klijenti imaju uvid u tijek kontrole i zapise, čime se smanjuje potreba za dodatnim pojašnjenjima i dolascima. | R5: =GEOMEAN(C5,H5,M5) -> 1 | S5: =GEOMEAN(D5,I5,N5) -> 1 | T5: =GEOMEAN(E5,J5,O5) -> 1.9574338
B6: Klijenti unaprijed dobivaju digitalni plan aktivnosti, raspored i očekivane rezultate, što smanjuje nejasnoće. | C6: 0.33333333 | D6: 2 | E6: 1 | G6: =B6 -> Klijenti unaprijed dobivaju digitalni plan aktivnosti, raspored i očekivane rezultate, što smanjuje nejasnoće. | H6: 3 | I6: 0.33333333 | J6: 1 | L6: =G6 -> Klijenti unaprijed dobivaju digitalni plan aktivnosti, raspored i očekivane rezultate, što smanjuje nejasnoće. | M6: 0.25 | N6: 0.2 | O6: 1 | Q6: =L6 -> Klijenti unaprijed dobivaju digitalni plan aktivnosti, raspored i očekivane rezultate, što smanjuje nejasnoće. | R6: =GEOMEAN(C6,H6,M6) -> 0.62996052 | S6: =GEOMEAN(D6,I6,N6) -> 0.51087295 | T6: =GEOMEAN(E6,J6,O6) -> 1
C8: =SUM(C4:C6) -> 1.5333333 | D8: =SUM(D4:D6) -> 8 | E8: =SUM(E4:E6) -> 4.5 | H8: =SUM(H4:H6) -> 9 | I8: =SUM(I4:I6) -> 1.5333333 | J8: =SUM(J4:J6) -> 4.3333333 | M8: =SUM(M4:M6) -> 2.25 | N8: =SUM(N4:N6) -> 2.2 | O8: =SUM(O4:O6) -> 10 | R8: =SUM(R4:R6) -> 2.6299605 | S8: =SUM(S4:S6) -> 2.510873 | T8: =SUM(T4:T6) -> 4.5448349
C11: =C4/C$8 -> 0.65217391 | D11: =D4/D$8 -> 0.625 | E11: =E4/E$8 -> 0.66666667 | H11: =H4/H$8 -> 0.11111111 | I11: =I4/I$8 -> 0.13043478 | J11: =J4/J$8 -> 0.076923077 | M11: =M4/M$8 -> 0.44444444 | N11: =N4/N$8 -> 0.45454545 | O11: =O4/O$8 -> 0.4 | R11: =R4/R$8 -> 0.38023384 | S11: =S4/S$8 -> 0.39826786 | T11: =T4/T$8 -> 0.34927585
C12: =C5/C$8 -> 0.13043478 | D12: =D5/D$8 -> 0.125 | E12: =E5/E$8 -> 0.11111111 | H12: =H5/H$8 -> 0.55555556 | I12: =I5/I$8 -> 0.65217391 | J12: =J5/J$8 -> 0.69230769 | M12: =M5/M$8 -> 0.44444444 | N12: =N5/N$8 -> 0.45454545 | O12: =O5/O$8 -> 0.5 | R12: =R5/R$8 -> 0.38023384 | S12: =S5/S$8 -> 0.39826786 | T12: =T5/T$8 -> 0.43069416
C13: =C6/C$8 -> 0.2173913 | D13: =D6/D$8 -> 0.25 | E13: =E6/E$8 -> 0.22222222 | H13: =H6/H$8 -> 0.33333333 | I13: =I6/I$8 -> 0.2173913 | J13: =J6/J$8 -> 0.23076923 | M13: =M6/M$8 -> 0.11111111 | N13: =N6/N$8 -> 0.090909091 | O13: =O6/O$8 -> 0.1 | R13: =R6/R$8 -> 0.23953231 | S13: =S6/S$8 -> 0.20346428 | T13: =T6/T$8 -> 0.22003
D15: =B4 -> QR kod omogućuje klijentima trenutačan uvid u autentičnost certifikata i status postupka u 100 % slučajeva. | E15: =AVERAGE(C11:E11) -> 0.64794686 | I15: =G4 -> QR kod omogućuje klijentima trenutačan uvid u autentičnost certifikata i status postupka u 100 % slučajeva. | J15: =AVERAGE(H11:J11) -> 0.10615632 | N15: =L4 -> QR kod omogućuje klijentima trenutačan uvid u autentičnost certifikata i status postupka u 100 % slučajeva. | O15: =AVERAGE(M11:O11) -> 0.43299663 | S15: =Q4 -> QR kod omogućuje klijentima trenutačan uvid u autentičnost certifikata i status postupka u 100 % slučajeva. | T15: =AVERAGE(R11:T11) -> 0.37592585
D16: =B5 -> Klijenti imaju uvid u tijek kontrole i zapise, čime se smanjuje potreba za dodatnim pojašnjenjima i dolascima. | E16: =AVERAGE(C12:E12) -> 0.12218196 | I16: =G5 -> Klijenti imaju uvid u tijek kontrole i zapise, čime se smanjuje potreba za dodatnim pojašnjenjima i dolascima. | J16: =AVERAGE(H12:J12) -> 0.63334572 | N16: =L5 -> Klijenti imaju uvid u tijek kontrole i zapise, čime se smanjuje potreba za dodatnim pojašnjenjima i dolascima. | O16: =AVERAGE(M12:O12) -> 0.46632997 | S16: =Q5 -> Klijenti imaju uvid u tijek kontrole i zapise, čime se smanjuje potreba za dodatnim pojašnjenjima i dolascima. | T16: =AVERAGE(R12:T12) -> 0.40306529
D17: =B6 -> Klijenti unaprijed dobivaju digitalni plan aktivnosti, raspored i očekivane rezultate, što smanjuje nejasnoće. | E17: =AVERAGE(C13:E13) -> 0.22987118 | I17: =G6 -> Klijenti unaprijed dobivaju digitalni plan aktivnosti, raspored i očekivane rezultate, što smanjuje nejasnoće. | J17: =AVERAGE(H13:J13) -> 0.26049796 | N17: =L6 -> Klijenti unaprijed dobivaju digitalni plan aktivnosti, raspored i očekivane rezultate, što smanjuje nejasnoće. | O17: =AVERAGE(M13:O13) -> 0.1006734 | S17: =Q6 -> Klijenti unaprijed dobivaju digitalni plan aktivnosti, raspored i očekivane rezultate, što smanjuje nejasnoće. | T17: =AVERAGE(R13:T13) -> 0.22100886
B19: konzistentnost | G19: konzistentnost | L19: konzistentnost | Q19: konzistentnost
C21: =C4*E$15 -> 0.64794686 | D21: =D4*E$16 -> 0.61090982 | E21: =E4*E$17 -> 0.68961353 | H21: =H4*J$15 -> 0.10615632 | I21: =I4*J$16 -> 0.12666914 | J21: =J4*J$17 -> 0.086832652 | M21: =M4*O$15 -> 0.43299663 | N21: =N4*O$16 -> 0.46632997 | O21: =O4*O$17 -> 0.4026936 | R21: =R4*T$15 -> 0.37592585 | S21: =S4*T$16 -> 0.40306529 | T21: =T4*T$17 -> 0.3508297
C22: =C5*E$15 -> 0.12958937 | D22: =D5*E$16 -> 0.12218196 | E22: =E5*E$17 -> 0.11493559 | H22: =H5*J$15 -> 0.53078162 | I22: =I5*J$16 -> 0.63334572 | J22: =J5*J$17 -> 0.78149387 | M22: =M5*O$15 -> 0.43299663 | N22: =N5*O$16 -> 0.46632997 | O22: =O5*O$17 -> 0.503367 | R22: =R5*T$15 -> 0.37592585 | S22: =S5*T$16 -> 0.40306529 | T22: =T5*T$17 -> 0.43261022
C23: =C6*E$15 -> 0.21598229 | D23: =D6*E$16 -> 0.24436393 | E23: =E6*E$17 -> 0.22987118 | H23: =H6*J$15 -> 0.31846897 | I23: =I6*J$16 -> 0.21111524 | J23: =J6*J$17 -> 0.26049796 | M23: =M6*O$15 -> 0.10824916 | N23: =N6*O$16 -> 0.093265993 | O23: =O6*O$17 -> 0.1006734 | R23: =R6*T$15 -> 0.23681845 | S23: =S6*T$16 -> 0.20591515 | T23: =T6*T$17 -> 0.22100886
C25: =SUM(C21:E21) -> 1.9484702 | D25: =SUM(C22:E22) -> 0.36670692 | E25: =SUM(C23:E23) -> 0.69021739 | H25: =SUM(H21:J21) -> 0.31965812 | I25: =SUM(H22:J22) -> 1.9456212 | J25: =SUM(H23:J23) -> 0.79008217 | M25: =SUM(M21:O21) -> 1.3020202 | N25: =SUM(M22:O22) -> 1.4026936 | O25: =SUM(M23:O23) -> 0.30218855 | R25: =SUM(R21:T21) -> 1.1298208 | S25: =SUM(R22:T22) -> 1.2116014 | T25: =SUM(R23:T23) -> 0.66374246
C27: =E15 -> 0.64794686 | D27: =E16 -> 0.12218196 | E27: =E17 -> 0.22987118 | H27: =J15 -> 0.10615632 | I27: =J16 -> 0.63334572 | J27: =J17 -> 0.26049796 | M27: =O15 -> 0.43299663 | N27: =O16 -> 0.46632997 | O27: =O17 -> 0.1006734 | R27: =T15 -> 0.37592585 | S27: =T16 -> 0.40306529 | T27: =T17 -> 0.22100886
C29: =C25/C27 -> 3.0071451 | D29: =D25/D27 -> 3.001318 | E29: =E25/E27 -> 3.002627 | H29: =H25/H27 -> 3.0112019 | I29: =I25/I27 -> 3.0719734 | J29: =J25/J27 -> 3.0329688 | M29: =M25/M27 -> 3.0069984 | N29: =N25/N27 -> 3.0079422 | O29: =O25/O27 -> 3.0016722 | R29: =R25/R27 -> 3.0054353 | S29: =S25/S27 -> 3.005968 | T29: =T25/T27 -> 3.0032391
D31: lambda | E31: =AVERAGE(C29:E29) -> 3.0036967 | I31: lambda | J31: =AVERAGE(H29:J29) -> 3.0387147 | N31: lambda | O31: =AVERAGE(M29:O29) -> 3.0055376 | S31: lambda | T31: =AVERAGE(R29:T29) -> 3.0048808
D32: CI | E32: =(E31-3)/2 -> 0.0018483339 | I32: CI | J32: =(J31-3)/2 -> 0.01935734 | N32: CI | O32: =(O31-3)/2 -> 0.0027688206 | S32: CI | T32: =(T31-3)/2 -> 0.0024404138
D33: CR | E33: =E32/0.52 -> 0.0035544883 | I33: CR | J33: =J32/0.52 -> 0.037225655 | N33: CR | O33: =O32/0.52 -> 0.0053246551 | S33: CR | T33: =T32/0.52 -> 0.0046931034

Sheet BrojPotrebnihLjudiPROCESI
C3: =B4 -> Proces zahtijeva 1 administrativnu osobu, umjesto dosadašnje 2–3, zahvaljujući automatizaciji. | D3: =B5 -> Jedan kontrolor može nadzirati 2–3 kontrole dnevno, dok je ranije mogao provesti samo jednu terensku kontrolu. | E3: =B6 -> Za provedbu je potrebno 2-3 edukatora ili voditelja aktivnosti, dok se administrativni dio obavlja bez dodatnog osoblja. | H3: =G4 -> Proces zahtijeva 1 administrativnu osobu, umjesto dosadašnje 2–3, zahvaljujući automatizaciji. | I3: =G5 -> Jedan kontrolor može nadzirati 2–3 kontrole dnevno, dok je ranije mogao provesti samo jednu terensku kontrolu. | J3: =G6 -> Za provedbu je potrebno 2-3 edukatora ili voditelja aktivnosti, dok se administrativni dio obavlja bez dodatnog osoblja. | M3: =L4 -> Proces zahtijeva 1 administrativnu osobu, umjesto dosadašnje 2–3, zahvaljujući automatizaciji. | N3: =L5 -> Jedan kontrolor može nadzirati 2–3 kontrole dnevno, dok je ranije mogao provesti samo jednu terensku kontrolu. | O3: =L6 -> Za provedbu je potrebno 2-3 edukatora ili voditelja aktivnosti, dok se administrativni dio obavlja bez dodatnog osoblja. | R3: =Q4 -> Proces zahtijeva 1 administrativnu osobu, umjesto dosadašnje 2–3, zahvaljujući automatizaciji. | S3: =Q5 -> Jedan kontrolor može nadzirati 2–3 kontrole dnevno, dok je ranije mogao provesti samo jednu terensku kontrolu. | T3: =Q6 -> Za provedbu je potrebno 2-3 edukatora ili voditelja aktivnosti, dok se administrativni dio obavlja bez dodatnog osoblja.
B4: Proces zahtijeva 1 administrativnu osobu, umjesto dosadašnje 2–3, zahvaljujući automatizaciji. | C4: 1 | D4: 0.33333333 | E4: 3 | G4: =B4 -> Proces zahtijeva 1 administrativnu osobu, umjesto dosadašnje 2–3, zahvaljujući automatizaciji. | H4: 1 | I4: 2 | J4: 5 | L4: =G4 -> Proces zahtijeva 1 administrativnu osobu, umjesto dosadašnje 2–3, zahvaljujući automatizaciji. | M4: 1 | N4: 0.25 | O4: 0.33333333 | Q4: =L4 -> Proces zahtijeva 1 administrativnu osobu, umjesto dosadašnje 2–3, zahvaljujući automatizaciji. | R4: =GEOMEAN(C4,H4,M4) -> 1 | S4: =GEOMEAN(D4,I4,N4) -> 0.55032121 | T4: =GEOMEAN(E4,J4,O4) -> 1.7099759
B5: Jedan kontrolor može nadzirati 2–3 kontrole dnevno, dok je ranije mogao provesti samo jednu terensku kontrolu. | C5: 3 | D5: 1 | E5: 5 | G5: =B5 -> Jedan kontrolor može nadzirati 2–3 kontrole dnevno, dok je ranije mogao provesti samo jednu terensku kontrolu. | H5: 0.5 | I5: 1 | J5: 3 | L5: =G5 -> Jedan kontrolor može nadzirati 2–3 kontrole dnevno, dok je ranije mogao provesti samo jednu terensku kontrolu. | M5: 4 | N5: 1 | O5: 2 | Q5: =L5 -> Jedan kontrolor može nadzirati 2–3 kontrole dnevno, dok je ranije mogao provesti samo jednu terensku kontrolu. | R5: =GEOMEAN(C5,H5,M5) -> 1.8171206 | S5: =GEOMEAN(D5,I5,N5) -> 1 | T5: =GEOMEAN(E5,J5,O5) -> 3.1072325
B6: Za provedbu je potrebno 2-3 edukatora ili voditelja aktivnosti, dok se administrativni dio obavlja bez dodatnog osoblja. | C6: 0.33333333 | D6: 0.2 | E6: 1 | G6: =B6 -> Za provedbu je potrebno 2-3 edukatora ili voditelja aktivnosti, dok se administrativni dio obavlja bez dodatnog osoblja. | H6: 0.2 | I6: 0.33333333 | J6: 1 | L6: =G6 -> Za provedbu je potrebno 2-3 edukatora ili voditelja aktivnosti, dok se administrativni dio obavlja bez dodatnog osoblja. | M6: 3 | N6: 0.5 | O6: 1 | Q6: =L6 -> Za provedbu je potrebno 2-3 edukatora ili voditelja aktivnosti, dok se administrativni dio obavlja bez dodatnog osoblja. | R6: =GEOMEAN(C6,H6,M6) -> 0.58480355 | S6: =GEOMEAN(D6,I6,N6) -> 0.32182979 | T6: =GEOMEAN(E6,J6,O6) -> 1
C8: =SUM(C4:C6) -> 4.3333333 | D8: =SUM(D4:D6) -> 1.5333333 | E8: =SUM(E4:E6) -> 9 | H8: =SUM(H4:H6) -> 1.7 | I8: =SUM(I4:I6) -> 3.3333333 | J8: =SUM(J4:J6) -> 9 | M8: =SUM(M4:M6) -> 8 | N8: =SUM(N4:N6) -> 1.75 | O8: =SUM(O4:O6) -> 3.3333333 | R8: =SUM(R4:R6) -> 3.4019241 | S8: =SUM(S4:S6) -> 1.872151 | T8: =SUM(T4:T6) -> 5.8172085
C11: =C4/C$8 -> 0.23076923 | D11: =D4/D$8 -> 0.2173913 | E11: =E4/E$8 -> 0.33333333 | H11: =H4/H$8 -> 0.58823529 | I11: =I4/I$8 -> 0.6 | J11: =J4/J$8 -> 0.55555556 | M11: =M4/M$8 -> 0.125 | N11: =N4/N$8 -> 0.14285714 | O11: =O4/O$8 -> 0.1 | R11: =R4/R$8 -> 0.29395129 | S11: =S4/S$8 -> 0.29395129 | T11: =T4/T$8 -> 0.29395129
C12: =C5/C$8 -> 0.69230769 | D12: =D5/D$8 -> 0.65217391 | E12: =E5/E$8 -> 0.55555556 | H12: =H5/H$8 -> 0.29411765 | I12: =I5/I$8 -> 0.3 | J12: =J5/J$8 -> 0.33333333 | M12: =M5/M$8 -> 0.5 | N12: =N5/N$8 -> 0.57142857 | O12: =O5/O$8 -> 0.6 | R12: =R5/R$8 -> 0.53414495 | S12: =S5/S$8 -> 0.53414495 | T12: =T5/T$8 -> 0.53414495
C13: =C6/C$8 -> 0.076923077 | D13: =D6/D$8 -> 0.13043478 | E13: =E6/E$8 -> 0.11111111 | H13: =H6/H$8 -> 0.11764706 | I13: =I6/I$8 -> 0.1 | J13: =J6/J$8 -> 0.11111111 | M13: =M6/M$8 -> 0.375 | N13: =N6/N$8 -> 0.28571429 | O13: =O6/O$8 -> 0.3 | R13: =R6/R$8 -> 0.17190376 | S13: =S6/S$8 -> 0.17190376 | T13: =T6/T$8 -> 0.17190376
D15: =B4 -> Proces zahtijeva 1 administrativnu osobu, umjesto dosadašnje 2–3, zahvaljujući automatizaciji. | E15: =AVERAGE(C11:E11) -> 0.26049796 | I15: =G4 -> Proces zahtijeva 1 administrativnu osobu, umjesto dosadašnje 2–3, zahvaljujući automatizaciji. | J15: =AVERAGE(H11:J11) -> 0.58126362 | N15: =L4 -> Proces zahtijeva 1 administrativnu osobu, umjesto dosadašnje 2–3, zahvaljujući automatizaciji. | O15: =AVERAGE(M11:O11) -> 0.12261905 | S15: =Q4 -> Proces zahtijeva 1 administrativnu osobu, umjesto dosadašnje 2–3, zahvaljujući automatizaciji. | T15: =AVERAGE(R11:T11) -> 0.29395129
D16: =B5 -> Jedan kontrolor može nadzirati 2–3 kontrole dnevno, dok je ranije mogao provesti samo jednu terensku kontrolu. | E16: =AVERAGE(C12:E12) -> 0.63334572 | I16: =G5 -> Jedan kontrolor može nadzirati 2–3 kontrole dnevno, dok je ranije mogao provesti samo jednu terensku kontrolu. | J16: =AVERAGE(H12:J12) -> 0.30915033 | N16: =L5 -> Jedan kontrolor može nadzirati 2–3 kontrole dnevno, dok je ranije mogao provesti samo jednu terensku kontrolu. | O16: =AVERAGE(M12:O12) -> 0.55714286 | S16: =Q5 -> Jedan kontrolor može nadzirati 2–3 kontrole dnevno, dok je ranije mogao provesti samo jednu terensku kontrolu. | T16: =AVERAGE(R12:T12) -> 0.53414495
D17: =B6 -> Za provedbu je potrebno 2-3 edukatora ili voditelja aktivnosti, dok se administrativni dio obavlja bez dodatnog osoblja. | E17: =AVERAGE(C13:E13) -> 0.10615632 | I17: =G6 -> Za provedbu je potrebno 2-3 edukatora ili voditelja aktivnosti, dok se administrativni dio obavlja bez dodatnog osoblja. | J17: =AVERAGE(H13:J13) -> 0.10958606 | N17: =L6 -> Za provedbu je potrebno 2-3 edukatora ili voditelja aktivnosti, dok se administrativni dio obavlja bez dodatnog osoblja. | O17: =AVERAGE(M13:O13) -> 0.3202381 | S17: =Q6 -> Za provedbu je potrebno 2-3 edukatora ili voditelja aktivnosti, dok se administrativni dio obavlja bez dodatnog osoblja. | T17: =AVERAGE(R13:T13) -> 0.17190376
B19: konzistentnost | G19: konzistentnost | L19: konzistentnost | Q19: konzistentnost
C21: =C4*E$15 -> 0.26049796 | D21: =D4*E$16 -> 0.21111524 | E21: =E4*E$17 -> 0.31846897 | H21: =H4*J$15 -> 0.58126362 | I21: =I4*J$16 -> 0.61830065 | J21: =J4*J$17 -> 0.54793028 | M21: =M4*O$15 -> 0.12261905 | N21: =N4*O$16 -> 0.13928571 | O21: =O4*O$17 -> 0.10674603 | R21: =R4*T$15 -> 0.29395129 | S21: =S4*T$16 -> 0.29395129 | T21: =T4*T$17 -> 0.29395129
C22: =C5*E$15 -> 0.78149387 | D22: =D5*E$16 -> 0.63334572 | E22: =E5*E$17 -> 0.53078162 | H22: =H5*J$15 -> 0.29063181 | I22: =I5*J$16 -> 0.30915033 | J22: =J5*J$17 -> 0.32875817 | M22: =M5*O$15 -> 0.49047619 | N22: =N5*O$16 -> 0.55714286 | O22: =O5*O$17 -> 0.64047619 | R22: =R5*T$15 -> 0.53414495 | S22: =S5*T$16 -> 0.53414495 | T22: =T5*T$17 -> 0.53414495
C23: =C6*E$15 -> 0.086832652 | D23: =D6*E$16 -> 0.12666914 | E23: =E6*E$17 -> 0.10615632 | H23: =H6*J$15 -> 0.11625272 | I23: =I6*J$16 -> 0.10305011 | J23: =J6*J$17 -> 0.10958606 | M23: =M6*O$15 -> 0.36785714 | N23: =N6*O$16 -> 0.27857143 | O23: =O6*O$17 -> 0.3202381 | R23: =R6*T$15 -> 0.17190376 | S23: =S6*T$16 -> 0.17190376 | T23: =T6*T$17 -> 0.17190376
C25: =SUM(C21:E21) -> 0.79008217 | D25: =SUM(C22:E22) -> 1.9456212 | E25: =SUM(C23:E23) -> 0.31965812 | H25: =SUM(H21:J21) -> 1.7474946 | I25: =SUM(H22:J22) -> 0.92854031 | J25: =SUM(H23:J23) -> 0.32888889 | M25: =SUM(M21:O21) -> 0.36865079 | N25: =SUM(M22:O22) -> 1.6880952 | O25: =SUM(M23:O23) -> 0.96666667 | R25: =SUM(R21:T21) -> 0.88185388 | S25: =SUM(R22:T22) -> 1.6024348 | T25: =SUM(R23:T23) -> 0.51571128
C27: =E15 -> 0.26049796 | D27: =E16 -> 0.63334572 | E27: =E17 -> 0.10615632 | H27: =J15 -> 0.58126362 | I27: =J16 -> 0.30915033 | J27: =J17 -> 0.10958606 | M27: =O15 -> 0.12261905 | N27: =O16 -> 0.55714286 | O27: =O17 -> 0.3202381 | R27: =T15 -> 0.29395129 | S27: =T16 -> 0.53414495 | T27: =T17 -> 0.17190376
C29: =C25/C27 -> 3.0329688 | D29: =D25/D27 -> 3.0719734 | E29: =E25/E27 -> 3.0112019 | H29: =H25/H27 -> 3.0063718 | I29: =I25/I27 -> 3.0035236 | J29: =J25/J27 -> 3.0011928 | M29: =M25/M27 -> 3.0064725 | N29: =N25/N27 -> 3.0299145 | O29: =O25/O27 -> 3.0185874 | R29: =R25/R27 -> 3 | S29: =S25/S27 -> 3 | T29: =T25/T27 -> 3
D31: lambda | E31: =AVERAGE(C29:E29) -> 3.0387147 | I31: lambda | J31: =AVERAGE(H29:J29) -> 3.0036961 | N31: lambda | O31: =AVERAGE(M29:O29) -> 3.0183248 | S31: lambda | T31: =AVERAGE(R29:T29) -> 3
D32: CI | E32: =(E31-3)/2 -> 0.01935734 | I32: CI | J32: =(J31-3)/2 -> 0.0018480442 | N32: CI | O32: =(O31-3)/2 -> 0.0091623971 | S32: CI | T32: =(T31-3)/2 -> 0
D33: CR | E33: =E32/0.52 -> 0.037225655 | I33: CR | J33: =J32/0.52 -> 0.0035539312 | N33: CR | O33: =O32/0.52 -> 0.017619994 | S33: CR | T33: =T32/0.52 -> 0

Sheet OpsegRučnihOperacija
C3: Ručne operacije svedene su na manje od 20 % procesa, uglavnom u obliku nadzora i iznimnih provjera. | D3: Ručni rad smanjen je za približno 50 %, iako je i dalje potreban stručni nadzor tijekom procjene. | E3: Ručni rad je smanjen u fazi pripreme za oko 40 %, ali ostaje prisutan tijekom same provedbe. | H3: =G4 -> Ručne operacije svedene su na manje od 20 % procesa, uglavnom u obliku nadzora i iznimnih provjera. | I3: =G5 -> Ručni rad smanjen je za približno 50 %, iako je i dalje potreban stručni nadzor tijekom procjene. | J3: =G6 -> Ručni rad je smanjen u fazi pripreme za oko 40 %, ali ostaje prisutan tijekom same provedbe. | M3: =L4 -> Ručne operacije svedene su na manje od 20 % procesa, uglavnom u obliku nadzora i iznimnih provjera. | N3: =L5 -> Ručni rad smanjen je za približno 50 %, iako je i dalje potreban stručni nadzor tijekom procjene. | O3: =L6 -> Ručni rad je smanjen u fazi pripreme za oko 40 %, ali ostaje prisutan tijekom same provedbe. | R3: =Q4 -> Ručne operacije svedene su na manje od 20 % procesa, uglavnom u obliku nadzora i iznimnih provjera. | S3: =Q5 -> Ručni rad smanjen je za približno 50 %, iako je i dalje potreban stručni nadzor tijekom procjene. | T3: =Q6 -> Ručni rad je smanjen u fazi pripreme za oko 40 %, ali ostaje prisutan tijekom same provedbe.
B4: Ručne operacije svedene su na manje od 20 % procesa, uglavnom u obliku nadzora i iznimnih provjera. | C4: 1 | D4: 1 | E4: 3 | G4: =B4 -> Ručne operacije svedene su na manje od 20 % procesa, uglavnom u obliku nadzora i iznimnih provjera. | H4: 1 | I4: =1/2 -> 0.5 | J4: =1/2 -> 0.5 | L4: =G4 -> Ručne operacije svedene su na manje od 20 % procesa, uglavnom u obliku nadzora i iznimnih provjera. | M4: 1 | N4: 1 | O4: 2 | Q4: =L4 -> Ručne operacije svedene su na manje od 20 % procesa, uglavnom u obliku nadzora i iznimnih provjera. | R4: =GEOMEAN(C4,H4,M4) -> 1 | S4: =GEOMEAN(D4,I4,N4) -> 0.79370053 | T4: =GEOMEAN(E4,J4,O4) -> 1.4422496
B5: Ručni rad smanjen je za približno 50 %, iako je i dalje potreban stručni nadzor tijekom procjene. | C5: 1 | D5: 1 | E5: 2 | G5: =B5 -> Ručni rad smanjen je za približno 50 %, iako je i dalje potreban stručni nadzor tijekom procjene. | H5: 2 | I5: 1 | J5: =1/2 -> 0.5 | L5: =G5 -> Ručni rad smanjen je za približno 50 %, iako je i dalje potreban stručni nadzor tijekom procjene. | M5: 1 | N5: 1 | O5: 3 | Q5: =L5 -> Ručni rad smanjen je za približno 50 %, iako je i dalje potreban stručni nadzor tijekom procjene. | R5: =GEOMEAN(C5,H5,M5) -> 1.259921 | S5: =GEOMEAN(D5,I5,N5) -> 1 | T5: =GEOMEAN(E5,J5,O5) -> 1.4422496
B6: Ručni rad je smanjen u fazi pripreme za oko 40 %, ali ostaje prisutan tijekom same provedbe. | C6: =1/3 -> 0.33333333 | D6: =1/2 -> 0.5 | E6: 1 | G6: =B6 -> Ručni rad je smanjen u fazi pripreme za oko 40 %, ali ostaje prisutan tijekom same provedbe. | H6: 2 | I6: 2 | J6: 1 | L6: =G6 -> Ručni rad je smanjen u fazi pripreme za oko 40 %, ali ostaje prisutan tijekom same provedbe. | M6: =1/2 -> 0.5 | N6: =1/3 -> 0.33333333 | O6: 1 | Q6: =L6 -> Ručni rad je smanjen u fazi pripreme za oko 40 %, ali ostaje prisutan tijekom same provedbe. | R6: =GEOMEAN(C6,H6,M6) -> 0.69336127 | S6: =GEOMEAN(D6,I6,N6) -> 0.69336127 | T6: =GEOMEAN(E6,J6,O6) -> 1
C8: =SUM(C4:C6) -> 2.3333333 | D8: =SUM(D4:D6) -> 2.5 | E8: =SUM(E4:E6) -> 6 | H8: =SUM(H4:H6) -> 5 | I8: =SUM(I4:I6) -> 3.5 | J8: =SUM(J4:J6) -> 2 | M8: =SUM(M4:M6) -> 2.5 | N8: =SUM(N4:N6) -> 2.3333333 | O8: =SUM(O4:O6) -> 6 | R8: =SUM(R4:R6) -> 2.9532823 | S8: =SUM(S4:S6) -> 2.4870618 | T8: =SUM(T4:T6) -> 3.8844991
C11: =C4/C$8 -> 0.42857143 | D11: =D4/D$8 -> 0.4 | E11: =E4/E$8 -> 0.5 | H11: =H4/H$8 -> 0.2 | I11: =I4/I$8 -> 0.14285714 | J11: =J4/J$8 -> 0.25 | M11: =M4/M$8 -> 0.4 | N11: =N4/N$8 -> 0.42857143 | O11: =O4/O$8 -> 0.33333333 | R11: =R4/R$8 -> 0.3386063 | S11: =S4/S$8 -> 0.31913181 | T11: =T4/T$8 -> 0.37128328
C12: =C5/C$8 -> 0.42857143 | D12: =D5/D$8 -> 0.4 | E12: =E5/E$8 -> 0.33333333 | H12: =H5/H$8 -> 0.4 | I12: =I5/I$8 -> 0.28571429 | J12: =J5/J$8 -> 0.25 | M12: =M5/M$8 -> 0.4 | N12: =N5/N$8 -> 0.42857143 | O12: =O5/O$8 -> 0.5 | R12: =R5/R$8 -> 0.4266172 | S12: =S5/S$8 -> 0.40208088 | T12: =T5/T$8 -> 0.37128328
C13: =C6/C$8 -> 0.14285714 | D13: =D6/D$8 -> 0.2 | E13: =E6/E$8 -> 0.16666667 | H13: =H6/H$8 -> 0.4 | I13: =I6/I$8 -> 0.57142857 | J13: =J6/J$8 -> 0.5 | M13: =M6/M$8 -> 0.2 | N13: =N6/N$8 -> 0.14285714 | O13: =O6/O$8 -> 0.16666667 | R13: =R6/R$8 -> 0.2347765 | S13: =S6/S$8 -> 0.27878731 | T13: =T6/T$8 -> 0.25743345
D15: =B4 -> Ručne operacije svedene su na manje od 20 % procesa, uglavnom u obliku nadzora i iznimnih provjera. | E15: =AVERAGE(C11:E11) -> 0.44285714 | I15: =G4 -> Ručne operacije svedene su na manje od 20 % procesa, uglavnom u obliku nadzora i iznimnih provjera. | J15: =AVERAGE(H11:J11) -> 0.19761905 | N15: =L4 -> Ručne operacije svedene su na manje od 20 % procesa, uglavnom u obliku nadzora i iznimnih provjera. | O15: =AVERAGE(M11:O11) -> 0.38730159 | S15: =Q4 -> Ručne operacije svedene su na manje od 20 % procesa, uglavnom u obliku nadzora i iznimnih provjera. | T15: =AVERAGE(R11:T11) -> 0.34300713
D16: =B5 -> Ručni rad smanjen je za približno 50 %, iako je i dalje potreban stručni nadzor tijekom procjene. | E16: =AVERAGE(C12:E12) -> 0.38730159 | I16: =G5 -> Ručni rad smanjen je za približno 50 %, iako je i dalje potreban stručni nadzor tijekom procjene. | J16: =AVERAGE(H12:J12) -> 0.31190476 | N16: =L5 -> Ručni rad smanjen je za približno 50 %, iako je i dalje potreban stručni nadzor tijekom procjene. | O16: =AVERAGE(M12:O12) -> 0.44285714 | S16: =Q5 -> Ručni rad smanjen je za približno 50 %, iako je i dalje potreban stručni nadzor tijekom procjene. | T16: =AVERAGE(R12:T12) -> 0.39999379
D17: =B6 -> Ručni rad je smanjen u fazi pripreme za oko 40 %, ali ostaje prisutan tijekom same provedbe. | E17: =AVERAGE(C13:E13) -> 0.16984127 | I17: =G6 -> Ručni rad je smanjen u fazi pripreme za oko 40 %, ali ostaje prisutan tijekom same provedbe. | J17: =AVERAGE(H13:J13) -> 0.49047619 | N17: =L6 -> Ručni rad je smanjen u fazi pripreme za oko 40 %, ali ostaje prisutan tijekom same provedbe. | O17: =AVERAGE(M13:O13) -> 0.16984127 | S17: =Q6 -> Ručni rad je smanjen u fazi pripreme za oko 40 %, ali ostaje prisutan tijekom same provedbe. | T17: =AVERAGE(R13:T13) -> 0.25699908
B19: konzistentnost | G19: konzistentnost | L19: konzistentnost | Q19: konzistentnost
C21: =C4*E$15 -> 0.44285714 | D21: =D4*E$16 -> 0.38730159 | E21: =E4*E$17 -> 0.50952381 | H21: =H4*J$15 -> 0.19761905 | I21: =I4*J$16 -> 0.15595238 | J21: =J4*J$17 -> 0.2452381 | M21: =M4*O$15 -> 0.38730159 | N21: =N4*O$16 -> 0.44285714 | O21: =O4*O$17 -> 0.33968254 | R21: =R4*T$15 -> 0.34300713 | S21: =S4*T$16 -> 0.31747528 | T21: =T4*T$17 -> 0.37065682
C22: =C5*E$15 -> 0.44285714 | D22: =D5*E$16 -> 0.38730159 | E22: =E5*E$17 -> 0.33968254 | H22: =H5*J$15 -> 0.3952381 | I22: =I5*J$16 -> 0.31190476 | J22: =J5*J$17 -> 0.2452381 | M22: =M5*O$15 -> 0.38730159 | N22: =N5*O$16 -> 0.44285714 | O22: =O5*O$17 -> 0.50952381 | R22: =R5*T$15 -> 0.4321619 | S22: =S5*T$16 -> 0.39999379 | T22: =T5*T$17 -> 0.37065682
C23: =C6*E$15 -> 0.14761905 | D23: =D6*E$16 -> 0.19365079 | E23: =E6*E$17 -> 0.16984127 | H23: =H6*J$15 -> 0.3952381 | I23: =I6*J$16 -> 0.62380952 | J23: =J6*J$17 -> 0.49047619 | M23: =M6*O$15 -> 0.19365079 | N23: =N6*O$16 -> 0.14761905 | O23: =O6*O$17 -> 0.16984127 | R23: =R6*T$15 -> 0.23782786 | S23: =S6*T$16 -> 0.2773402 | T23: =T6*T$17 -> 0.25699908
C25: =SUM(C21:E21) -> 1.3396825 | D25: =SUM(C22:E22) -> 1.1698413 | E25: =SUM(C23:E23) -> 0.51111111 | H25: =SUM(H21:J21) -> 0.59880952 | I25: =SUM(H22:J22) -> 0.95238095 | J25: =SUM(H23:J23) -> 1.5095238 | M25: =SUM(M21:O21) -> 1.1698413 | N25: =SUM(M22:O22) -> 1.3396825 | O25: =SUM(M23:O23) -> 0.51111111 | R25: =SUM(R21:T21) -> 1.0311392 | S25: =SUM(R22:T22) -> 1.2028125 | T25: =SUM(R23:T23) -> 0.77216715
C27: =E15 -> 0.44285714 | D27: =E16 -> 0.38730159 | E27: =E17 -> 0.16984127 | H27: =J15 -> 0.19761905 | I27: =J16 -> 0.31190476 | J27: =J17 -> 0.49047619 | M27: =O15 -> 0.38730159 | N27: =O16 -> 0.44285714 | O27: =O17 -> 0.16984127 | R27: =T15 -> 0.34300713 | S27: =T16 -> 0.39999379 | T27: =T17 -> 0.25699908
C29: =C25/C27 -> 3.0250896 | D29: =D25/D27 -> 3.0204918 | E29: =E25/E27 -> 3.0093458 | H29: =H25/H27 -> 3.0301205 | I29: =I25/I27 -> 3.0534351 | J29: =J25/J27 -> 3.0776699 | M29: =M25/M27 -> 3.0204918 | N29: =N25/N27 -> 3.0250896 | O29: =O25/O27 -> 3.0093458 | R29: =R25/R27 -> 3.0061743 | S29: =S25/S27 -> 3.007078 | T29: =T25/T27 -> 3.0045521
D31: lambda | E31: =AVERAGE(C29:E29) -> 3.0183091 | I31: lambda | J31: =AVERAGE(H29:J29) -> 3.0537418 | N31: lambda | O31: =AVERAGE(M29:O29) -> 3.0183091 | S31: lambda | T31: =AVERAGE(R29:T29) -> 3.0059348
D32: CI | E32: =(E31-3)/2 -> 0.0091545339 | I32: CI | J32: =(J31-3)/2 -> 0.026870917 | N32: CI | O32: =(O31-3)/2 -> 0.0091545339 | S32: CI | T32: =(T31-3)/2 -> 0.0029674067
D33: CR | E33: =E32/0.52 -> 0.017604873 | I33: CR | J33: =J32/0.52 -> 0.05167484 | N33: CR | O33: =O32/0.52 -> 0.017604873 | S33: CR | T33: =T32/0.52 -> 0.0057065514

Sheet RazinaAutoRutinskihKoraka
C3: Više od 80 % rutinskih koraka je automatizirano, uključujući provjeru dokumentacije, generiranje certifikata i dodjelu QR koda. | D3: Automatizirano je oko 60–70 % procesa, uključujući snimanje, pohranu dokaza i generiranje izvještaja. | E3: Oko 50 % procesa je automatizirano, uključujući prijave, rasporede i izvještaje, dok je provedba aktivnosti fizička. | H3: =G4 -> Više od 80 % rutinskih koraka je automatizirano, uključujući provjeru dokumentacije, generiranje certifikata i dodjelu QR koda. | I3: =G5 -> Automatizirano je oko 60–70 % procesa, uključujući snimanje, pohranu dokaza i generiranje izvještaja. | J3: =G6 -> Oko 50 % procesa je automatizirano, uključujući prijave, rasporede i izvještaje, dok je provedba aktivnosti fizička. | M3: =L4 -> Više od 80 % rutinskih koraka je automatizirano, uključujući provjeru dokumentacije, generiranje certifikata i dodjelu QR koda. | N3: =L5 -> Automatizirano je oko 60–70 % procesa, uključujući snimanje, pohranu dokaza i generiranje izvještaja. | O3: =L6 -> Oko 50 % procesa je automatizirano, uključujući prijave, rasporede i izvještaje, dok je provedba aktivnosti fizička. | R3: =Q4 -> Više od 80 % rutinskih koraka je automatizirano, uključujući provjeru dokumentacije, generiranje certifikata i dodjelu QR koda. | S3: =Q5 -> Automatizirano je oko 60–70 % procesa, uključujući snimanje, pohranu dokaza i generiranje izvještaja. | T3: =Q6 -> Oko 50 % procesa je automatizirano, uključujući prijave, rasporede i izvještaje, dok je provedba aktivnosti fizička.
B4: Više od 80 % rutinskih koraka je automatizirano, uključujući provjeru dokumentacije, generiranje certifikata i dodjelu QR koda. | C4: 1 | D4: 1 | E4: =1/2 -> 0.5 | G4: =B4 -> Više od 80 % rutinskih koraka je automatizirano, uključujući provjeru dokumentacije, generiranje certifikata i dodjelu QR koda. | H4: 1 | I4: =1/2 -> 0.5 | J4: =1/4 -> 0.25 | L4: =G4 -> Više od 80 % rutinskih koraka je automatizirano, uključujući provjeru dokumentacije, generiranje certifikata i dodjelu QR koda. | M4: 1 | N4: =1/5 -> 0.2 | O4: =1/3 -> 0.33333333 | Q4: =L4 -> Više od 80 % rutinskih koraka je automatizirano, uključujući provjeru dokumentacije, generiranje certifikata i dodjelu QR koda. | R4: =GEOMEAN(C4,H4,M4) -> 1 | S4: =GEOMEAN(D4,I4,N4) -> 0.46415888 | T4: =GEOMEAN(E4,J4,O4) -> 0.34668064
B5: Automatizirano je oko 60–70 % procesa, uključujući snimanje, pohranu dokaza i generiranje izvještaja. | C5: 1 | D5: 1 | E5: =1/3 -> 0.33333333 | G5: =B5 -> Automatizirano je oko 60–70 % procesa, uključujući snimanje, pohranu dokaza i generiranje izvještaja. | H5: 2 | I5: 1 | J5: =1/3 -> 0.33333333 | L5: =G5 -> Automatizirano je oko 60–70 % procesa, uključujući snimanje, pohranu dokaza i generiranje izvještaja. | M5: 5 | N5: 1 | O5: 1 | Q5: =L5 -> Automatizirano je oko 60–70 % procesa, uključujući snimanje, pohranu dokaza i generiranje izvještaja. | R5: =GEOMEAN(C5,H5,M5) -> 2.1544347 | S5: =GEOMEAN(D5,I5,N5) -> 1 | T5: =GEOMEAN(E5,J5,O5) -> 0.48074986
B6: Oko 50 % procesa je automatizirano, uključujući prijave, rasporede i izvještaje, dok je provedba aktivnosti fizička. | C6: 2 | D6: 3 | E6: 1 | G6: =B6 -> Oko 50 % procesa je automatizirano, uključujući prijave, rasporede i izvještaje, dok je provedba aktivnosti fizička. | H6: 4 | I6: 3 | J6: 1 | L6: =G6 -> Oko 50 % procesa je automatizirano, uključujući prijave, rasporede i izvještaje, dok je provedba aktivnosti fizička. | M6: 3 | N6: 1 | O6: 1 | Q6: =L6 -> Oko 50 % procesa je automatizirano, uključujući prijave, rasporede i izvještaje, dok je provedba aktivnosti fizička. | R6: =GEOMEAN(C6,H6,M6) -> 2.8844991 | S6: =GEOMEAN(D6,I6,N6) -> 2.0800838 | T6: =GEOMEAN(E6,J6,O6) -> 1
C8: =SUM(C4:C6) -> 4 | D8: =SUM(D4:D6) -> 5 | E8: =SUM(E4:E6) -> 1.8333333 | H8: =SUM(H4:H6) -> 7 | I8: =SUM(I4:I6) -> 4.5 | J8: =SUM(J4:J6) -> 1.5833333 | M8: =SUM(M4:M6) -> 9 | N8: =SUM(N4:N6) -> 2.2 | O8: =SUM(O4:O6) -> 2.3333333 | R8: =SUM(R4:R6) -> 6.0389338 | S8: =SUM(S4:S6) -> 3.5442427 | T8: =SUM(T4:T6) -> 1.8274305
C11: =C4/C$8 -> 0.25 | D11: =D4/D$8 -> 0.2 | E11: =E4/E$8 -> 0.27272727 | H11: =H4/H$8 -> 0.14285714 | I11: =I4/I$8 -> 0.11111111 | J11: =J4/J$8 -> 0.15789474 | M11: =M4/M$8 -> 0.11111111 | N11: =N4/N$8 -> 0.090909091 | O11: =O4/O$8 -> 0.14285714 | R11: =R4/R$8 -> 0.16559214 | S11: =S4/S$8 -> 0.13096137 | T11: =T4/T$8 -> 0.18970934
C12: =C5/C$8 -> 0.25 | D12: =D5/D$8 -> 0.2 | E12: =E5/E$8 -> 0.18181818 | H12: =H5/H$8 -> 0.28571429 | I12: =I5/I$8 -> 0.22222222 | J12: =J5/J$8 -> 0.21052632 | M12: =M5/M$8 -> 0.55555556 | N12: =N5/N$8 -> 0.45454545 | O12: =O5/O$8 -> 0.42857143 | R12: =R5/R$8 -> 0.35675746 | S12: =S5/S$8 -> 0.28214772 | T12: =T5/T$8 -> 0.26307422
C13: =C6/C$8 -> 0.5 | D13: =D6/D$8 -> 0.6 | E13: =E6/E$8 -> 0.54545455 | H13: =H6/H$8 -> 0.57142857 | I13: =I6/I$8 -> 0.66666667 | J13: =J6/J$8 -> 0.63157895 | M13: =M6/M$8 -> 0.33333333 | N13: =N6/N$8 -> 0.45454545 | O13: =O6/O$8 -> 0.42857143 | R13: =R6/R$8 -> 0.4776504 | S13: =S6/S$8 -> 0.58689091 | T13: =T6/T$8 -> 0.54721643
D15: =B4 -> Više od 80 % rutinskih koraka je automatizirano, uključujući provjeru dokumentacije, generiranje certifikata i dodjelu QR koda. | E15: =AVERAGE(C11:E11) -> 0.24090909 | I15: =G4 -> Više od 80 % rutinskih koraka je automatizirano, uključujući provjeru dokumentacije, generiranje certifikata i dodjelu QR koda. | J15: =AVERAGE(H11:J11) -> 0.13728766 | N15: =L4 -> Više od 80 % rutinskih koraka je automatizirano, uključujući provjeru dokumentacije, generiranje certifikata i dodjelu QR koda. | O15: =AVERAGE(M11:O11) -> 0.11495911 | S15: =Q4 -> Više od 80 % rutinskih koraka je automatizirano, uključujući provjeru dokumentacije, generiranje certifikata i dodjelu QR koda. | T15: =AVERAGE(R11:T11) -> 0.16208762
D16: =B5 -> Automatizirano je oko 60–70 % procesa, uključujući snimanje, pohranu dokaza i generiranje izvještaja. | E16: =AVERAGE(C12:E12) -> 0.21060606 | I16: =G5 -> Automatizirano je oko 60–70 % procesa, uključujući snimanje, pohranu dokaza i generiranje izvještaja. | J16: =AVERAGE(H12:J12) -> 0.23948761 | N16: =L5 -> Automatizirano je oko 60–70 % procesa, uključujući snimanje, pohranu dokaza i generiranje izvještaja. | O16: =AVERAGE(M12:O12) -> 0.47955748 | S16: =Q5 -> Automatizirano je oko 60–70 % procesa, uključujući snimanje, pohranu dokaza i generiranje izvještaja. | T16: =AVERAGE(R12:T12) -> 0.3006598
D17: =B6 -> Oko 50 % procesa je automatizirano, uključujući prijave, rasporede i izvještaje, dok je provedba aktivnosti fizička. | E17: =AVERAGE(C13:E13) -> 0.54848485 | I17: =G6 -> Oko 50 % procesa je automatizirano, uključujući prijave, rasporede i izvještaje, dok je provedba aktivnosti fizička. | J17: =AVERAGE(H13:J13) -> 0.62322473 | N17: =L6 -> Oko 50 % procesa je automatizirano, uključujući prijave, rasporede i izvještaje, dok je provedba aktivnosti fizička. | O17: =AVERAGE(M13:O13) -> 0.40548341 | S17: =Q6 -> Oko 50 % procesa je automatizirano, uključujući prijave, rasporede i izvještaje, dok je provedba aktivnosti fizička. | T17: =AVERAGE(R13:T13) -> 0.53725258
B19: konzistentnost | G19: konzistentnost | L19: konzistentnost | Q19: konzistentnost
C21: =C4*E$15 -> 0.24090909 | D21: =D4*E$16 -> 0.21060606 | E21: =E4*E$17 -> 0.27424242 | H21: =H4*J$15 -> 0.13728766 | I21: =I4*J$16 -> 0.1197438 | J21: =J4*J$17 -> 0.15580618 | M21: =M4*O$15 -> 0.11495911 | N21: =N4*O$16 -> 0.095911496 | O21: =O4*O$17 -> 0.13516114 | R21: =R4*T$15 -> 0.16208762 | S21: =S4*T$16 -> 0.13955392 | T21: =T4*T$17 -> 0.18625507
C22: =C5*E$15 -> 0.24090909 | D22: =D5*E$16 -> 0.21060606 | E22: =E5*E$17 -> 0.18282828 | H22: =H5*J$15 -> 0.27457533 | I22: =I5*J$16 -> 0.23948761 | J22: =J5*J$17 -> 0.20774158 | M22: =M5*O$15 -> 0.57479557 | N22: =N5*O$16 -> 0.47955748 | O22: =O5*O$17 -> 0.40548341 | R22: =R5*T$15 -> 0.34920719 | S22: =S5*T$16 -> 0.3006598 | T22: =T5*T$17 -> 0.2582841
C23: =C6*E$15 -> 0.48181818 | D23: =D6*E$16 -> 0.63181818 | E23: =E6*E$17 -> 0.54848485 | H23: =H6*J$15 -> 0.54915065 | I23: =I6*J$16 -> 0.71846282 | J23: =J6*J$17 -> 0.62322473 | M23: =M6*O$15 -> 0.34487734 | N23: =N6*O$16 -> 0.47955748 | O23: =O6*O$17 -> 0.40548341 | R23: =R6*T$15 -> 0.4675416 | S23: =S6*T$16 -> 0.62539759 | T23: =T6*T$17 -> 0.53725258
C25: =SUM(C21:E21) -> 0.72575758 | D25: =SUM(C22:E22) -> 0.63434343 | E25: =SUM(C23:E23) -> 1.6621212 | H25: =SUM(H21:J21) -> 0.41283765 | I25: =SUM(H22:J22) -> 0.72180451 | J25: =SUM(H23:J23) -> 1.8908382 | M25: =SUM(M21:O21) -> 0.34603175 | N25: =SUM(M22:O22) -> 1.4598365 | O25: =SUM(M23:O23) -> 1.2299182 | R25: =SUM(R21:T21) -> 0.4878966 | S25: =SUM(R22:T22) -> 0.90815109 | T25: =SUM(R23:T23) -> 1.6301918
C27: =E15 -> 0.24090909 | D27: =E16 -> 0.21060606 | E27: =E17 -> 0.54848485 | H27: =J15 -> 0.13728766 | I27: =J16 -> 0.23948761 | J27: =J17 -> 0.62322473 | M27: =O15 -> 0.11495911 | N27: =O16 -> 0.47955748 | O27: =O17 -> 0.40548341 | R27: =T15 -> 0.16208762 | S27: =T16 -> 0.3006598 | T27: =T17 -> 0.53725258
C29: =C25/C27 -> 3.0125786 | D29: =D25/D27 -> 3.0119904 | E29: =E25/E27 -> 3.0303867 | H29: =H25/H27 -> 3.0070994 | I29: =I25/I27 -> 3.0139535 | J29: =J25/J27 -> 3.0339589 | M29: =M25/M27 -> 3.0100418 | N29: =N25/N27 -> 3.0441324 | O29: =O25/O27 -> 3.0332147 | R29: =R25/R27 -> 3.0100794 | S29: =S25/S27 -> 3.0205271 | T29: =T25/T27 -> 3.0343117
D31: lambda | E31: =AVERAGE(C29:E29) -> 3.0183186 | I31: lambda | J31: =AVERAGE(H29:J29) -> 3.0183373 | N31: lambda | O31: =AVERAGE(M29:O29) -> 3.0291296 | S31: lambda | T31: =AVERAGE(R29:T29) -> 3.0216394
D32: CI | E32: =(E31-3)/2 -> 0.0091592941 | I32: CI | J32: =(J31-3)/2 -> 0.0091686286 | N32: CI | O32: =(O31-3)/2 -> 0.014564825 | S32: CI | T32: =(T31-3)/2 -> 0.010819701
D33: CR | E33: =E32/0.52 -> 0.017614027 | I33: CR | J33: =J32/0.52 -> 0.017631978 | N33: CR | O33: =O32/0.52 -> 0.028009278 | S33: CR | T33: =T32/0.52 -> 0.020807117

Sheet TrajanjeProcesa
C3: Trajanje procesa skraćuje se s prosječno 3–4 radna dana na manje od 1 radnog dana, jer se certifikat automatski generira odmah nakon validacije podataka. | D3: Trajanje kontrole smanjuje se s prosječno 1 radnog dana na 2–3 sata, jer nema potrebe za fizičkim dolaskom kontrolora. | E3: Vrijeme pripreme programa smanjuje se s prosječno 5 radnih dana na 1–2 radna dana, zahvaljujući digitalnom planiranju. | H3: =G4 -> Trajanje procesa skraćuje se s prosječno 3–4 radna dana na manje od 1 radnog dana, jer se certifikat automatski generira odmah nakon validacije podataka. | I3: =G5 -> Trajanje kontrole smanjuje se s prosječno 1 radnog dana na 2–3 sata, jer nema potrebe za fizičkim dolaskom kontrolora. | J3: =G6 -> Vrijeme pripreme programa smanjuje se s prosječno 5 radnih dana na 1–2 radna dana, zahvaljujući digitalnom planiranju. | M3: =L4 -> Trajanje procesa skraćuje se s prosječno 3–4 radna dana na manje od 1 radnog dana, jer se certifikat automatski generira odmah nakon validacije podataka. | N3: =L5 -> Trajanje kontrole smanjuje se s prosječno 1 radnog dana na 2–3 sata, jer nema potrebe za fizičkim dolaskom kontrolora. | O3: =L6 -> Vrijeme pripreme programa smanjuje se s prosječno 5 radnih dana na 1–2 radna dana, zahvaljujući digitalnom planiranju. | R3: =Q4 -> Trajanje procesa skraćuje se s prosječno 3–4 radna dana na manje od 1 radnog dana, jer se certifikat automatski generira odmah nakon validacije podataka. | S3: =Q5 -> Trajanje kontrole smanjuje se s prosječno 1 radnog dana na 2–3 sata, jer nema potrebe za fizičkim dolaskom kontrolora. | T3: =Q6 -> Vrijeme pripreme programa smanjuje se s prosječno 5 radnih dana na 1–2 radna dana, zahvaljujući digitalnom planiranju.
B4: Trajanje procesa skraćuje se s prosječno 3–4 radna dana na manje od 1 radnog dana, jer se certifikat automatski generira odmah nakon validacije podataka. | C4: 1 | D4: 2 | E4: 3 | G4: =B4 -> Trajanje procesa skraćuje se s prosječno 3–4 radna dana na manje od 1 radnog dana, jer se certifikat automatski generira odmah nakon validacije podataka. | H4: 1 | I4: 1 | J4: 2 | L4: =G4 -> Trajanje procesa skraćuje se s prosječno 3–4 radna dana na manje od 1 radnog dana, jer se certifikat automatski generira odmah nakon validacije podataka. | M4: 1 | N4: 3 | O4: 4 | Q4: =L4 -> Trajanje procesa skraćuje se s prosječno 3–4 radna dana na manje od 1 radnog dana, jer se certifikat automatski generira odmah nakon validacije podataka. | R4: =GEOMEAN(C4,H4,M4) -> 1 | S4: =GEOMEAN(D4,I4,N4) -> 1.8171206 | T4: =GEOMEAN(E4,J4,O4) -> 2.8844991
B5: Trajanje kontrole smanjuje se s prosječno 1 radnog dana na 2–3 sata, jer nema potrebe za fizičkim dolaskom kontrolora. | C5: =1/2 -> 0.5 | D5: 1 | E5: 2 | G5: =B5 -> Trajanje kontrole smanjuje se s prosječno 1 radnog dana na 2–3 sata, jer nema potrebe za fizičkim dolaskom kontrolora. | H5: 1 | I5: 1 | J5: 4 | L5: =G5 -> Trajanje kontrole smanjuje se s prosječno 1 radnog dana na 2–3 sata, jer nema potrebe za fizičkim dolaskom kontrolora. | M5: =1/3 -> 0.33333333 | N5: 1 | O5: 2 | Q5: =L5 -> Trajanje kontrole smanjuje se s prosječno 1 radnog dana na 2–3 sata, jer nema potrebe za fizičkim dolaskom kontrolora. | R5: =GEOMEAN(C5,H5,M5) -> 0.55032121 | S5: =GEOMEAN(D5,I5,N5) -> 1 | T5: =GEOMEAN(E5,J5,O5) -> 2.5198421
B6: Vrijeme pripreme programa smanjuje se s prosječno 5 radnih dana na 1–2 radna dana, zahvaljujući digitalnom planiranju. | C6: =1/3 -> 0.33333333 | D6: =1/2 -> 0.5 | E6: 1 | G6: =B6 -> Vrijeme pripreme programa smanjuje se s prosječno 5 radnih dana na 1–2 radna dana, zahvaljujući digitalnom planiranju. | H6: =1/2 -> 0.5 | I6: =1/4 -> 0.25 | J6: 1 | L6: =G6 -> Vrijeme pripreme programa smanjuje se s prosječno 5 radnih dana na 1–2 radna dana, zahvaljujući digitalnom planiranju. | M6: =1/4 -> 0.25 | N6: =1/2 -> 0.5 | O6: 1 | Q6: =L6 -> Vrijeme pripreme programa smanjuje se s prosječno 5 radnih dana na 1–2 radna dana, zahvaljujući digitalnom planiranju. | R6: =GEOMEAN(C6,H6,M6) -> 0.34668064 | S6: =GEOMEAN(D6,I6,N6) -> 0.39685026 | T6: =GEOMEAN(E6,J6,O6) -> 1
C8: =SUM(C4:C6) -> 1.8333333 | D8: =SUM(D4:D6) -> 3.5 | E8: =SUM(E4:E6) -> 6 | H8: =SUM(H4:H6) -> 2.5 | I8: =SUM(I4:I6) -> 2.25 | J8: =SUM(J4:J6) -> 7 | M8: =SUM(M4:M6) -> 1.5833333 | N8: =SUM(N4:N6) -> 4.5 | O8: =SUM(O4:O6) -> 7 | R8: =SUM(R4:R6) -> 1.8970018 | S8: =SUM(S4:S6) -> 3.2139709 | T8: =SUM(T4:T6) -> 6.4043412
C11: =C4/C$8 -> 0.54545455 | D11: =D4/D$8 -> 0.57142857 | E11: =E4/E$8 -> 0.5 | H11: =H4/H$8 -> 0.4 | I11: =I4/I$8 -> 0.44444444 | J11: =J4/J$8 -> 0.28571429 | M11: =M4/M$8 -> 0.63157895 | N11: =N4/N$8 -> 0.66666667 | O11: =O4/O$8 -> 0.57142857 | R11: =R4/R$8 -> 0.52714762 | S11: =S4/S$8 -> 0.56538179 | T11: =T4/T$8 -> 0.45039748
C12: =C5/C$8 -> 0.27272727 | D12: =D5/D$8 -> 0.28571429 | E12: =E5/E$8 -> 0.33333333 | H12: =H5/H$8 -> 0.4 | I12: =I5/I$8 -> 0.44444444 | J12: =J5/J$8 -> 0.57142857 | M12: =M5/M$8 -> 0.21052632 | N12: =N5/N$8 -> 0.22222222 | O12: =O5/O$8 -> 0.28571429 | R12: =R5/R$8 -> 0.29010051 | S12: =S5/S$8 -> 0.31114159 | T12: =T5/T$8 -> 0.39345844
C13: =C6/C$8 -> 0.18181818 | D13: =D6/D$8 -> 0.14285714 | E13: =E6/E$8 -> 0.16666667 | H13: =H6/H$8 -> 0.2 | I13: =I6/I$8 -> 0.11111111 | J13: =J6/J$8 -> 0.14285714 | M13: =M6/M$8 -> 0.15789474 | N13: =N6/N$8 -> 0.11111111 | O13: =O6/O$8 -> 0.14285714 | R13: =R6/R$8 -> 0.18275187 | S13: =S6/S$8 -> 0.12347662 | T13: =T6/T$8 -> 0.15614408
D15: =B4 -> Trajanje procesa skraćuje se s prosječno 3–4 radna dana na manje od 1 radnog dana, jer se certifikat automatski generira odmah nakon validacije podataka. | E15: =AVERAGE(C11:E11) -> 0.53896104 | I15: =G4 -> Trajanje procesa skraćuje se s prosječno 3–4 radna dana na manje od 1 radnog dana, jer se certifikat automatski generira odmah nakon validacije podataka. | J15: =AVERAGE(H11:J11) -> 0.37671958 | N15: =L4 -> Trajanje procesa skraćuje se s prosječno 3–4 radna dana na manje od 1 radnog dana, jer se certifikat automatski generira odmah nakon validacije podataka. | O15: =AVERAGE(M11:O11) -> 0.62322473 | S15: =Q4 -> Trajanje procesa skraćuje se s prosječno 3–4 radna dana na manje od 1 radnog dana, jer se certifikat automatski generira odmah nakon validacije podataka. | T15: =AVERAGE(R11:T11) -> 0.51430896
D16: =B5 -> Trajanje kontrole smanjuje se s prosječno 1 radnog dana na 2–3 sata, jer nema potrebe za fizičkim dolaskom kontrolora. | E16: =AVERAGE(C12:E12) -> 0.2972583 | I16: =G5 -> Trajanje kontrole smanjuje se s prosječno 1 radnog dana na 2–3 sata, jer nema potrebe za fizičkim dolaskom kontrolora. | J16: =AVERAGE(H12:J12) -> 0.47195767 | N16: =L5 -> Trajanje kontrole smanjuje se s prosječno 1 radnog dana na 2–3 sata, jer nema potrebe za fizičkim dolaskom kontrolora. | O16: =AVERAGE(M12:O12) -> 0.23948761 | S16: =Q5 -> Trajanje kontrole smanjuje se s prosječno 1 radnog dana na 2–3 sata, jer nema potrebe za fizičkim dolaskom kontrolora. | T16: =AVERAGE(R12:T12) -> 0.33156685
D17: =B6 -> Vrijeme pripreme programa smanjuje se s prosječno 5 radnih dana na 1–2 radna dana, zahvaljujući digitalnom planiranju. | E17: =AVERAGE(C13:E13) -> 0.16378066 | I17: =G6 -> Vrijeme pripreme programa smanjuje se s prosječno 5 radnih dana na 1–2 radna dana, zahvaljujući digitalnom planiranju. | J17: =AVERAGE(H13:J13) -> 0.15132275 | N17: =L6 -> Vrijeme pripreme programa smanjuje se s prosječno 5 radnih dana na 1–2 radna dana, zahvaljujući digitalnom planiranju. | O17: =AVERAGE(M13:O13) -> 0.13728766 | S17: =Q6 -> Vrijeme pripreme programa smanjuje se s prosječno 5 radnih dana na 1–2 radna dana, zahvaljujući digitalnom planiranju. | T17: =AVERAGE(R13:T13) -> 0.15412419
B19: konzistentnost | G19: konzistentnost | L19: konzistentnost | Q19: konzistentnost
C21: =C4*E$15 -> 0.53896104 | D21: =D4*E$16 -> 0.59451659 | E21: =E4*E$17 -> 0.49134199 | H21: =H4*J$15 -> 0.37671958 | I21: =I4*J$16 -> 0.47195767 | J21: =J4*J$17 -> 0.3026455 | M21: =M4*O$15 -> 0.62322473 | N21: =N4*O$16 -> 0.71846282 | O21: =O4*O$17 -> 0.54915065 | R21: =R4*T$15 -> 0.51430896 | S21: =S4*T$16 -> 0.60249694 | T21: =T4*T$17 -> 0.4445711
C22: =C5*E$15 -> 0.26948052 | D22: =D5*E$16 -> 0.2972583 | E22: =E5*E$17 -> 0.32756133 | H22: =H5*J$15 -> 0.37671958 | I22: =I5*J$16 -> 0.47195767 | J22: =J5*J$17 -> 0.60529101 | M22: =M5*O$15 -> 0.20774158 | N22: =N5*O$16 -> 0.23948761 | O22: =O5*O$17 -> 0.27457533 | R22: =R5*T$15 -> 0.28303513 | S22: =S5*T$16 -> 0.33156685 | T22: =T5*T$17 -> 0.38836863
C23: =C6*E$15 -> 0.17965368 | D23: =D6*E$16 -> 0.14862915 | E23: =E6*E$17 -> 0.16378066 | H23: =H6*J$15 -> 0.18835979 | I23: =I6*J$16 -> 0.11798942 | J23: =J6*J$17 -> 0.15132275 | M23: =M6*O$15 -> 0.15580618 | N23: =N6*O$16 -> 0.1197438 | O23: =O6*O$17 -> 0.13728766 | R23: =R6*T$15 -> 0.17830096 | S23: =S6*T$16 -> 0.13158239 | T23: =T6*T$17 -> 0.15412419
C25: =SUM(C21:E21) -> 1.6248196 | D25: =SUM(C22:E22) -> 0.89430014 | E25: =SUM(C23:E23) -> 0.49206349 | H25: =SUM(H21:J21) -> 1.1513228 | I25: =SUM(H22:J22) -> 1.4539683 | J25: =SUM(H23:J23) -> 0.45767196 | M25: =SUM(M21:O21) -> 1.8908382 | N25: =SUM(M22:O22) -> 0.72180451 | O25: =SUM(M23:O23) -> 0.41283765 | R25: =SUM(R21:T21) -> 1.561377 | S25: =SUM(R22:T22) -> 1.0029706 | T25: =SUM(R23:T23) -> 0.46400754
C27: =E15 -> 0.53896104 | D27: =E16 -> 0.2972583 | E27: =E17 -> 0.16378066 | H27: =J15 -> 0.37671958 | I27: =J16 -> 0.47195767 | J27: =J17 -> 0.15132275 | M27: =O15 -> 0.62322473 | N27: =O16 -> 0.23948761 | O27: =O17 -> 0.13728766 | R27: =T15 -> 0.51430896 | S27: =T16 -> 0.33156685 | T27: =T17 -> 0.15412419
C29: =C25/C27 -> 3.0147256 | D29: =D25/D27 -> 3.0084951 | E29: =E25/E27 -> 3.0044053 | H29: =H25/H27 -> 3.0561798 | I29: =I25/I27 -> 3.0807175 | J29: =J25/J27 -> 3.0244755 | M29: =M25/M27 -> 3.0339589 | N29: =N25/N27 -> 3.0139535 | O29: =O25/O27 -> 3.0070994 | R29: =R25/R27 -> 3.0358736 | S29: =S25/S27 -> 3.0249424 | T29: =T25/T27 -> 3.0106081
D31: lambda | E31: =AVERAGE(C29:E29) -> 3.0092087 | I31: lambda | J31: =AVERAGE(H29:J29) -> 3.0537909 | N31: lambda | O31: =AVERAGE(M29:O29) -> 3.0183373 | S31: lambda | T31: =AVERAGE(R29:T29) -> 3.023808
D32: CI | E32: =(E31-3)/2 -> 0.0046043335 | I32: CI | J32: =(J31-3)/2 -> 0.026895465 | N32: CI | O32: =(O31-3)/2 -> 0.0091686286 | S32: CI | T32: =(T31-3)/2 -> 0.011904014
D33: CR | E33: =E32/0.52 -> 0.0088544875 | I33: CR | J33: =J32/0.52 -> 0.051722048 | N33: CR | O33: =O32/0.52 -> 0.017631978 | S33: CR | T33: =T32/0.52 -> 0.022892335

Sheet OperativnePogreške
C3: Broj pogrešno izdanih ili ispravljenih certifikata smanjuje se za približno 60 % jer automatizirani sustav uklanja ručni unos podataka i generira certifikat na temelju prethodno validirane dokumentacije. | D3: Broj ponovljenih kontrola zbog nepotpunih ili nejasnih nalaza smanjuje se za približno 40 %, jer su svi koraci digitalno zabilježeni. | E3: Standardizirani digitalni tijek rada smanjuje organizacijske pogreške tijekom pripreme i provedbe aktivnosti za 30–40 %. | H3: =G4 -> Broj pogrešno izdanih ili ispravljenih certifikata smanjuje se za približno 60 % jer automatizirani sustav uklanja ručni unos podataka i generira certifikat na temelju prethodno validirane dokumentacije. | I3: =G5 -> Broj ponovljenih kontrola zbog nepotpunih ili nejasnih nalaza smanjuje se za približno 40 %, jer su svi koraci digitalno zabilježeni. | J3: =G6 -> Standardizirani digitalni tijek rada smanjuje organizacijske pogreške tijekom pripreme i provedbe aktivnosti za 30–40 %. | M3: =L4 -> Broj pogrešno izdanih ili ispravljenih certifikata smanjuje se za približno 60 % jer automatizirani sustav uklanja ručni unos podataka i generira certifikat na temelju prethodno validirane dokumentacije. | N3: =L5 -> Broj ponovljenih kontrola zbog nepotpunih ili nejasnih nalaza smanjuje se za približno 40 %, jer su svi koraci digitalno zabilježeni. | O3: =L6 -> Standardizirani digitalni tijek rada smanjuje organizacijske pogreške tijekom pripreme i provedbe aktivnosti za 30–40 %. | R3: =Q4 -> Broj pogrešno izdanih ili ispravljenih certifikata smanjuje se za približno 60 % jer automatizirani sustav uklanja ručni unos podataka i generira certifikat na temelju prethodno validirane dokumentacije. | S3: =Q5 -> Broj ponovljenih kontrola zbog nepotpunih ili nejasnih nalaza smanjuje se za približno 40 %, jer su svi koraci digitalno zabilježeni. | T3: =Q6 -> Standardizirani digitalni tijek rada smanjuje organizacijske pogreške tijekom pripreme i provedbe aktivnosti za 30–40 %.
B4: Broj pogrešno izdanih ili ispravljenih certifikata smanjuje se za približno 60 % jer automatizirani sustav uklanja ručni unos podataka i generira certifikat na temelju prethodno validirane dokumentacije. | C4: 1 | D4: =1/2 -> 0.5 | E4: =1/2 -> 0.5 | G4: =B4 -> Broj pogrešno izdanih ili ispravljenih certifikata smanjuje se za približno 60 % jer automatizirani sustav uklanja ručni unos podataka i generira certifikat na temelju prethodno validirane dokumentacije. | H4: 1 | I4: 1 | J4: 2 | L4: =G4 -> Broj pogrešno izdanih ili ispravljenih certifikata smanjuje se za približno 60 % jer automatizirani sustav uklanja ručni unos podataka i generira certifikat na temelju prethodno validirane dokumentacije. | M4: 1 | N4: 2 | O4: 5 | Q4: =L4 -> Broj pogrešno izdanih ili ispravljenih certifikata smanjuje se za približno 60 % jer automatizirani sustav uklanja ručni unos podataka i generira certifikat na temelju prethodno validirane dokumentacije. | R4: =GEOMEAN(C4,H4,M4) -> 1 | S4: =GEOMEAN(D4,I4,N4) -> 1 | T4: =GEOMEAN(E4,J4,O4) -> 1.7099759
B5: Broj ponovljenih kontrola zbog nepotpunih ili nejasnih nalaza smanjuje se za približno 40 %, jer su svi koraci digitalno zabilježeni. | C5: 2 | D5: 1 | E5: 2 | G5: =B5 -> Broj ponovljenih kontrola zbog nepotpunih ili nejasnih nalaza smanjuje se za približno 40 %, jer su svi koraci digitalno zabilježeni. | H5: 1 | I5: 1 | J5: 3 | L5: =G5 -> Broj ponovljenih kontrola zbog nepotpunih ili nejasnih nalaza smanjuje se za približno 40 %, jer su svi koraci digitalno zabilježeni. | M5: =1/2 -> 0.5 | N5: 1 | O5: 5 | Q5: =L5 -> Broj ponovljenih kontrola zbog nepotpunih ili nejasnih nalaza smanjuje se za približno 40 %, jer su svi koraci digitalno zabilježeni. | R5: =GEOMEAN(C5,H5,M5) -> 1 | S5: =GEOMEAN(D5,I5,N5) -> 1 | T5: =GEOMEAN(E5,J5,O5) -> 3.1072325
B6: Standardizirani digitalni tijek rada smanjuje organizacijske pogreške tijekom pripreme i provedbe aktivnosti za 30–40 %. | C6: 2 | D6: =1/2 -> 0.5 | E6: 1 | G6: =B6 -> Standardizirani digitalni tijek rada smanjuje organizacijske pogreške tijekom pripreme i provedbe aktivnosti za 30–40 %. | H6: =1/2 -> 0.5 | I6: =1/3 -> 0.33333333 | J6: 1 | L6: =G6 -> Standardizirani digitalni tijek rada smanjuje organizacijske pogreške tijekom pripreme i provedbe aktivnosti za 30–40 %. | M6: =1/5 -> 0.2 | N6: =1/5 -> 0.2 | O6: 1 | Q6: =L6 -> Standardizirani digitalni tijek rada smanjuje organizacijske pogreške tijekom pripreme i provedbe aktivnosti za 30–40 %. | R6: =GEOMEAN(C6,H6,M6) -> 0.58480355 | S6: =GEOMEAN(D6,I6,N6) -> 0.32182979 | T6: =GEOMEAN(E6,J6,O6) -> 1
C8: =SUM(C4:C6) -> 5 | D8: =SUM(D4:D6) -> 2 | E8: =SUM(E4:E6) -> 3.5 | H8: =SUM(H4:H6) -> 2.5 | I8: =SUM(I4:I6) -> 2.3333333 | J8: =SUM(J4:J6) -> 6 | M8: =SUM(M4:M6) -> 1.7 | N8: =SUM(N4:N6) -> 3.2 | O8: =SUM(O4:O6) -> 11 | R8: =SUM(R4:R6) -> 2.5848035 | S8: =SUM(S4:S6) -> 2.3218298 | T8: =SUM(T4:T6) -> 5.8172085
C11: =C4/C$8 -> 0.2 | D11: =D4/D$8 -> 0.25 | E11: =E4/E$8 -> 0.14285714 | H11: =H4/H$8 -> 0.4 | I11: =I4/I$8 -> 0.42857143 | J11: =J4/J$8 -> 0.33333333 | M11: =M4/M$8 -> 0.58823529 | N11: =N4/N$8 -> 0.625 | O11: =O4/O$8 -> 0.45454545 | R11: =R4/R$8 -> 0.3868766 | S11: =S4/S$8 -> 0.43069479 | T11: =T4/T$8 -> 0.29395129
C12: =C5/C$8 -> 0.4 | D12: =D5/D$8 -> 0.5 | E12: =E5/E$8 -> 0.57142857 | H12: =H5/H$8 -> 0.4 | I12: =I5/I$8 -> 0.42857143 | J12: =J5/J$8 -> 0.5 | M12: =M5/M$8 -> 0.29411765 | N12: =N5/N$8 -> 0.3125 | O12: =O5/O$8 -> 0.45454545 | R12: =R5/R$8 -> 0.3868766 | S12: =S5/S$8 -> 0.43069479 | T12: =T5/T$8 -> 0.53414495
C13: =C6/C$8 -> 0.4 | D13: =D6/D$8 -> 0.25 | E13: =E6/E$8 -> 0.28571429 | H13: =H6/H$8 -> 0.2 | I13: =I6/I$8 -> 0.14285714 | J13: =J6/J$8 -> 0.16666667 | M13: =M6/M$8 -> 0.11764706 | N13: =N6/N$8 -> 0.0625 | O13: =O6/O$8 -> 0.090909091 | R13: =R6/R$8 -> 0.22624681 | S13: =S6/S$8 -> 0.13861042 | T13: =T6/T$8 -> 0.17190376
D15: =B4 -> Broj pogrešno izdanih ili ispravljenih certifikata smanjuje se za približno 60 % jer automatizirani sustav uklanja ručni unos podataka i generira certifikat na temelju prethodno validirane dokumentacije. | E15: =AVERAGE(C11:E11) -> 0.19761905 | I15: =G4 -> Broj pogrešno izdanih ili ispravljenih certifikata smanjuje se za približno 60 % jer automatizirani sustav uklanja ručni unos podataka i generira certifikat na temelju prethodno validirane dokumentacije. | J15: =AVERAGE(H11:J11) -> 0.38730159 | N15: =L4 -> Broj pogrešno izdanih ili ispravljenih certifikata smanjuje se za približno 60 % jer automatizirani sustav uklanja ručni unos podataka i generira certifikat na temelju prethodno validirane dokumentacije. | O15: =AVERAGE(M11:O11) -> 0.55592692 | S15: =Q4 -> Broj pogrešno izdanih ili ispravljenih certifikata smanjuje se za približno 60 % jer automatizirani sustav uklanja ručni unos podataka i generira certifikat na temelju prethodno validirane dokumentacije. | T15: =AVERAGE(R11:T11) -> 0.37050756
D16: =B5 -> Broj ponovljenih kontrola zbog nepotpunih ili nejasnih nalaza smanjuje se za približno 40 %, jer su svi koraci digitalno zabilježeni. | E16: =AVERAGE(C12:E12) -> 0.49047619 | I16: =G5 -> Broj ponovljenih kontrola zbog nepotpunih ili nejasnih nalaza smanjuje se za približno 40 %, jer su svi koraci digitalno zabilježeni. | J16: =AVERAGE(H12:J12) -> 0.44285714 | N16: =L5 -> Broj ponovljenih kontrola zbog nepotpunih ili nejasnih nalaza smanjuje se za približno 40 %, jer su svi koraci digitalno zabilježeni. | O16: =AVERAGE(M12:O12) -> 0.35372103 | S16: =Q5 -> Broj ponovljenih kontrola zbog nepotpunih ili nejasnih nalaza smanjuje se za približno 40 %, jer su svi koraci digitalno zabilježeni. | T16: =AVERAGE(R12:T12) -> 0.45057211
D17: =B6 -> Standardizirani digitalni tijek rada smanjuje organizacijske pogreške tijekom pripreme i provedbe aktivnosti za 30–40 %. | E17: =AVERAGE(C13:E13) -> 0.31190476 | I17: =G6 -> Standardizirani digitalni tijek rada smanjuje organizacijske pogreške tijekom pripreme i provedbe aktivnosti za 30–40 %. | J17: =AVERAGE(H13:J13) -> 0.16984127 | N17: =L6 -> Standardizirani digitalni tijek rada smanjuje organizacijske pogreške tijekom pripreme i provedbe aktivnosti za 30–40 %. | O17: =AVERAGE(M13:O13) -> 0.09035205 | S17: =Q6 -> Standardizirani digitalni tijek rada smanjuje organizacijske pogreške tijekom pripreme i provedbe aktivnosti za 30–40 %. | T17: =AVERAGE(R13:T13) -> 0.17892033
B19: konzistentnost | G19: konzistentnost | L19: konzistentnost | Q19: konzistentnost
C21: =C4*E$15 -> 0.19761905 | D21: =D4*E$16 -> 0.2452381 | E21: =E4*E$17 -> 0.15595238 | H21: =H4*J$15 -> 0.38730159 | I21: =I4*J$16 -> 0.44285714 | J21: =J4*J$17 -> 0.33968254 | M21: =M4*O$15 -> 0.55592692 | N21: =N4*O$16 -> 0.70744207 | O21: =O4*O$17 -> 0.45176025 | R21: =R4*T$15 -> 0.37050756 | S21: =S4*T$16 -> 0.45057211 | T21: =T4*T$17 -> 0.30594946
C22: =C5*E$15 -> 0.3952381 | D22: =D5*E$16 -> 0.49047619 | E22: =E5*E$17 -> 0.62380952 | H22: =H5*J$15 -> 0.38730159 | I22: =I5*J$16 -> 0.44285714 | J22: =J5*J$17 -> 0.50952381 | M22: =M5*O$15 -> 0.27796346 | N22: =N5*O$16 -> 0.35372103 | O22: =O5*O$17 -> 0.45176025 | R22: =R5*T$15 -> 0.37050756 | S22: =S5*T$16 -> 0.45057211 | T22: =T5*T$17 -> 0.55594706
C23: =C6*E$15 -> 0.3952381 | D23: =D6*E$16 -> 0.2452381 | E23: =E6*E$17 -> 0.31190476 | H23: =H6*J$15 -> 0.19365079 | I23: =I6*J$16 -> 0.14761905 | J23: =J6*J$17 -> 0.16984127 | M23: =M6*O$15 -> 0.11118538 | N23: =N6*O$16 -> 0.070744207 | O23: =O6*O$17 -> 0.09035205 | R23: =R6*T$15 -> 0.21667414 | S23: =S6*T$16 -> 0.14500753 | T23: =T6*T$17 -> 0.17892033
C25: =SUM(C21:E21) -> 0.59880952 | D25: =SUM(C22:E22) -> 1.5095238 | E25: =SUM(C23:E23) -> 0.95238095 | H25: =SUM(H21:J21) -> 1.1698413 | I25: =SUM(H22:J22) -> 1.3396825 | J25: =SUM(H23:J23) -> 0.51111111 | M25: =SUM(M21:O21) -> 1.7151292 | N25: =SUM(M22:O22) -> 1.0834447 | O25: =SUM(M23:O23) -> 0.27228164 | R25: =SUM(R21:T21) -> 1.1270291 | S25: =SUM(R22:T22) -> 1.3770267 | T25: =SUM(R23:T23) -> 0.54060199
C27: =E15 -> 0.19761905 | D27: =E16 -> 0.49047619 | E27: =E17 -> 0.31190476 | H27: =J15 -> 0.38730159 | I27: =J16 -> 0.44285714 | J27: =J17 -> 0.16984127 | M27: =O15 -> 0.55592692 | N27: =O16 -> 0.35372103 | O27: =O17 -> 0.09035205 | R27: =T15 -> 0.37050756 | S27: =T16 -> 0.45057211 | T27: =T17 -> 0.17892033
C29: =C25/C27 -> 3.0301205 | D29: =D25/D27 -> 3.0776699 | E29: =E25/E27 -> 3.0534351 | H29: =H25/H27 -> 3.0204918 | I29: =I25/I27 -> 3.0250896 | J29: =J25/J27 -> 3.0093458 | M29: =M25/M27 -> 3.0851703 | N29: =N25/N27 -> 3.0629921 | O29: =O25/O27 -> 3.0135635 | R29: =R25/R27 -> 3.0418519 | S29: =S25/S27 -> 3.0561739 | T29: =T25/T27 -> 3.0214677
D31: lambda | E31: =AVERAGE(C29:E29) -> 3.0537418 | I31: lambda | J31: =AVERAGE(H29:J29) -> 3.0183091 | N31: lambda | O31: =AVERAGE(M29:O29) -> 3.0539087 | S31: lambda | T31: =AVERAGE(R29:T29) -> 3.0398312
D32: CI | E32: =(E31-3)/2 -> 0.026870917 | I32: CI | J32: =(J31-3)/2 -> 0.0091545339 | N32: CI | O32: =(O31-3)/2 -> 0.026954328 | S32: CI | T32: =(T31-3)/2 -> 0.019915588
D33: CR | E33: =E32/0.52 -> 0.05167484 | I33: CR | J33: =J32/0.52 -> 0.017604873 | N33: CR | O33: =O32/0.52 -> 0.051835246 | S33: CR | T33: =T32/0.52 -> 0.038299207

Sheet TočnostPrikupljenihInfo
C3: Automatska validacija podataka smanjuje pogrešne unose s procijenjenih 15 % na manje od 5 %. | D3: Korištenjem video zapisa i digitalnih dokaza omogućena je naknadna provjera u 100 % slučajeva, čime se povećava pouzdanost procjene. | E3: Korištenjem standardiziranih digitalnih obrazaca smanjuje se broj nepotpunih ili pogrešnih zahtjeva klijenata za oko 50 %. | H3: =G4 -> Automatska validacija podataka smanjuje pogrešne unose s procijenjenih 15 % na manje od 5 %. | I3: =G5 -> Korištenjem video zapisa i digitalnih dokaza omogućena je naknadna provjera u 100 % slučajeva, čime se povećava pouzdanost procjene. | J3: =G6 -> Korištenjem standardiziranih digitalnih obrazaca smanjuje se broj nepotpunih ili pogrešnih zahtjeva klijenata za oko 50 %. | M3: =L4 -> Automatska validacija podataka smanjuje pogrešne unose s procijenjenih 15 % na manje od 5 %. | N3: =L5 -> Korištenjem video zapisa i digitalnih dokaza omogućena je naknadna provjera u 100 % slučajeva, čime se povećava pouzdanost procjene. | O3: =L6 -> Korištenjem standardiziranih digitalnih obrazaca smanjuje se broj nepotpunih ili pogrešnih zahtjeva klijenata za oko 50 %. | R3: =Q4 -> Automatska validacija podataka smanjuje pogrešne unose s procijenjenih 15 % na manje od 5 %. | S3: =Q5 -> Korištenjem video zapisa i digitalnih dokaza omogućena je naknadna provjera u 100 % slučajeva, čime se povećava pouzdanost procjene. | T3: =Q6 -> Korištenjem standardiziranih digitalnih obrazaca smanjuje se broj nepotpunih ili pogrešnih zahtjeva klijenata za oko 50 %.
B4: Automatska validacija podataka smanjuje pogrešne unose s procijenjenih 15 % na manje od 5 %. | C4: 1 | D4: 1 | E4: 2 | G4: =B4 -> Automatska validacija podataka smanjuje pogrešne unose s procijenjenih 15 % na manje od 5 %. | H4: 1 | I4: 3 | J4: 4 | L4: =G4 -> Automatska validacija podataka smanjuje pogrešne unose s procijenjenih 15 % na manje od 5 %. | M4: 1 | N4: 2 | O4: 3 | Q4: =L4 -> Automatska validacija podataka smanjuje pogrešne unose s procijenjenih 15 % na manje od 5 %. | R4: =GEOMEAN(C4,H4,M4) -> 1 | S4: =GEOMEAN(D4,I4,N4) -> 1.8171206 | T4: =GEOMEAN(E4,J4,O4) -> 2.8844991
B5: Korištenjem video zapisa i digitalnih dokaza omogućena je naknadna provjera u 100 % slučajeva, čime se povećava pouzdanost procjene. | C5: 1 | D5: 1 | E5: 3 | G5: =B5 -> Korištenjem video zapisa i digitalnih dokaza omogućena je naknadna provjera u 100 % slučajeva, čime se povećava pouzdanost procjene. | H5: =1/3 -> 0.33333333 | I5: 1 | J5: 2 | L5: =G5 -> Korištenjem video zapisa i digitalnih dokaza omogućena je naknadna provjera u 100 % slučajeva, čime se povećava pouzdanost procjene. | M5: =1/2 -> 0.5 | N5: 1 | O5: 3 | Q5: =L5 -> Korištenjem video zapisa i digitalnih dokaza omogućena je naknadna provjera u 100 % slučajeva, čime se povećava pouzdanost procjene. | R5: =GEOMEAN(C5,H5,M5) -> 0.55032121 | S5: =GEOMEAN(D5,I5,N5) -> 1 | T5: =GEOMEAN(E5,J5,O5) -> 2.6207414
B6: Korištenjem standardiziranih digitalnih obrazaca smanjuje se broj nepotpunih ili pogrešnih zahtjeva klijenata za oko 50 %. | C6: =1/2 -> 0.5 | D6: =1/3 -> 0.33333333 | E6: 1 | G6: =B6 -> Korištenjem standardiziranih digitalnih obrazaca smanjuje se broj nepotpunih ili pogrešnih zahtjeva klijenata za oko 50 %. | H6: =1/4 -> 0.25 | I6: =1/2 -> 0.5 | J6: 1 | L6: =G6 -> Korištenjem standardiziranih digitalnih obrazaca smanjuje se broj nepotpunih ili pogrešnih zahtjeva klijenata za oko 50 %. | M6: =1/3 -> 0.33333333 | N6: =1/3 -> 0.33333333 | O6: 1 | Q6: =L6 -> Korištenjem standardiziranih digitalnih obrazaca smanjuje se broj nepotpunih ili pogrešnih zahtjeva klijenata za oko 50 %. | R6: =GEOMEAN(C6,H6,M6) -> 0.34668064 | S6: =GEOMEAN(D6,I6,N6) -> 0.38157141 | T6: =GEOMEAN(E6,J6,O6) -> 1
C8: =SUM(C4:C6) -> 2.5 | D8: =SUM(D4:D6) -> 2.3333333 | E8: =SUM(E4:E6) -> 6 | H8: =SUM(H4:H6) -> 1.5833333 | I8: =SUM(I4:I6) -> 4.5 | J8: =SUM(J4:J6) -> 7 | M8: =SUM(M4:M6) -> 1.8333333 | N8: =SUM(N4:N6) -> 3.3333333 | O8: =SUM(O4:O6) -> 7 | R8: =SUM(R4:R6) -> 1.8970018 | S8: =SUM(S4:S6) -> 3.198692 | T8: =SUM(T4:T6) -> 6.5052405
C11: =C4/C$8 -> 0.4 | D11: =D4/D$8 -> 0.42857143 | E11: =E4/E$8 -> 0.33333333 | H11: =H4/H$8 -> 0.63157895 | I11: =I4/I$8 -> 0.66666667 | J11: =J4/J$8 -> 0.57142857 | M11: =M4/M$8 -> 0.54545455 | N11: =N4/N$8 -> 0.6 | O11: =O4/O$8 -> 0.42857143 | R11: =R4/R$8 -> 0.52714762 | S11: =S4/S$8 -> 0.56808239 | T11: =T4/T$8 -> 0.4434116
C12: =C5/C$8 -> 0.4 | D12: =D5/D$8 -> 0.42857143 | E12: =E5/E$8 -> 0.5 | H12: =H5/H$8 -> 0.21052632 | I12: =I5/I$8 -> 0.22222222 | J12: =J5/J$8 -> 0.28571429 | M12: =M5/M$8 -> 0.27272727 | N12: =N5/N$8 -> 0.3 | O12: =O5/O$8 -> 0.42857143 | R12: =R5/R$8 -> 0.29010051 | S12: =S5/S$8 -> 0.31262779 | T12: =T5/T$8 -> 0.40286618
C13: =C6/C$8 -> 0.2 | D13: =D6/D$8 -> 0.14285714 | E13: =E6/E$8 -> 0.16666667 | H13: =H6/H$8 -> 0.15789474 | I13: =I6/I$8 -> 0.11111111 | J13: =J6/J$8 -> 0.14285714 | M13: =M6/M$8 -> 0.18181818 | N13: =N6/N$8 -> 0.1 | O13: =O6/O$8 -> 0.14285714 | R13: =R6/R$8 -> 0.18275187 | S13: =S6/S$8 -> 0.11928983 | T13: =T6/T$8 -> 0.15372222
D15: =B4 -> Automatska validacija podataka smanjuje pogrešne unose s procijenjenih 15 % na manje od 5 %. | E15: =AVERAGE(C11:E11) -> 0.38730159 | I15: =G4 -> Automatska validacija podataka smanjuje pogrešne unose s procijenjenih 15 % na manje od 5 %. | J15: =AVERAGE(H11:J11) -> 0.62322473 | N15: =L4 -> Automatska validacija podataka smanjuje pogrešne unose s procijenjenih 15 % na manje od 5 %. | O15: =AVERAGE(M11:O11) -> 0.52467532 | S15: =Q4 -> Automatska validacija podataka smanjuje pogrešne unose s procijenjenih 15 % na manje od 5 %. | T15: =AVERAGE(R11:T11) -> 0.51288054
D16: =B5 -> Korištenjem video zapisa i digitalnih dokaza omogućena je naknadna provjera u 100 % slučajeva, čime se povećava pouzdanost procjene. | E16: =AVERAGE(C12:E12) -> 0.44285714 | I16: =G5 -> Korištenjem video zapisa i digitalnih dokaza omogućena je naknadna provjera u 100 % slučajeva, čime se povećava pouzdanost procjene. | J16: =AVERAGE(H12:J12) -> 0.23948761 | N16: =L5 -> Korištenjem video zapisa i digitalnih dokaza omogućena je naknadna provjera u 100 % slučajeva, čime se povećava pouzdanost procjene. | O16: =AVERAGE(M12:O12) -> 0.33376623 | S16: =Q5 -> Korištenjem video zapisa i digitalnih dokaza omogućena je naknadna provjera u 100 % slučajeva, čime se povećava pouzdanost procjene. | T16: =AVERAGE(R12:T12) -> 0.33519816
D17: =B6 -> Korištenjem standardiziranih digitalnih obrazaca smanjuje se broj nepotpunih ili pogrešnih zahtjeva klijenata za oko 50 %. | E17: =AVERAGE(C13:E13) -> 0.16984127 | I17: =G6 -> Korištenjem standardiziranih digitalnih obrazaca smanjuje se broj nepotpunih ili pogrešnih zahtjeva klijenata za oko 50 %. | J17: =AVERAGE(H13:J13) -> 0.13728766 | N17: =L6 -> Korištenjem standardiziranih digitalnih obrazaca smanjuje se broj nepotpunih ili pogrešnih zahtjeva klijenata za oko 50 %. | O17: =AVERAGE(M13:O13) -> 0.14155844 | S17: =Q6 -> Korištenjem standardiziranih digitalnih obrazaca smanjuje se broj nepotpunih ili pogrešnih zahtjeva klijenata za oko 50 %. | T17: =AVERAGE(R13:T13) -> 0.15192131
B19: konzistentnost | G19: konzistentnost | L19: konzistentnost | Q19: konzistentnost
C21: =C4*E$15 -> 0.38730159 | D21: =D4*E$16 -> 0.44285714 | E21: =E4*E$17 -> 0.33968254 | H21: =H4*J$15 -> 0.62322473 | I21: =I4*J$16 -> 0.71846282 | J21: =J4*J$17 -> 0.54915065 | M21: =M4*O$15 -> 0.52467532 | N21: =N4*O$16 -> 0.66753247 | O21: =O4*O$17 -> 0.42467532 | R21: =R4*T$15 -> 0.51288054 | S21: =S4*T$16 -> 0.60909548 | T21: =T4*T$17 -> 0.43821687
C22: =C5*E$15 -> 0.38730159 | D22: =D5*E$16 -> 0.44285714 | E22: =E5*E$17 -> 0.50952381 | H22: =H5*J$15 -> 0.20774158 | I22: =I5*J$16 -> 0.23948761 | J22: =J5*J$17 -> 0.27457533 | M22: =M5*O$15 -> 0.26233766 | N22: =N5*O$16 -> 0.33376623 | O22: =O5*O$17 -> 0.42467532 | R22: =R5*T$15 -> 0.28224904 | S22: =S5*T$16 -> 0.33519816 | T22: =T5*T$17 -> 0.39814645
C23: =C6*E$15 -> 0.19365079 | D23: =D6*E$16 -> 0.14761905 | E23: =E6*E$17 -> 0.16984127 | H23: =H6*J$15 -> 0.15580618 | I23: =I6*J$16 -> 0.1197438 | J23: =J6*J$17 -> 0.13728766 | M23: =M6*O$15 -> 0.17489177 | N23: =N6*O$16 -> 0.11125541 | O23: =O6*O$17 -> 0.14155844 | R23: =R6*T$15 -> 0.17780575 | S23: =S6*T$16 -> 0.12790204 | T23: =T6*T$17 -> 0.15192131
C25: =SUM(C21:E21) -> 1.1698413 | D25: =SUM(C22:E22) -> 1.3396825 | E25: =SUM(C23:E23) -> 0.51111111 | H25: =SUM(H21:J21) -> 1.8908382 | I25: =SUM(H22:J22) -> 0.72180451 | J25: =SUM(H23:J23) -> 0.41283765 | M25: =SUM(M21:O21) -> 1.6168831 | N25: =SUM(M22:O22) -> 1.0207792 | O25: =SUM(M23:O23) -> 0.42770563 | R25: =SUM(R21:T21) -> 1.5601929 | S25: =SUM(R22:T22) -> 1.0155936 | T25: =SUM(R23:T23) -> 0.45762909
C27: =E15 -> 0.38730159 | D27: =E16 -> 0.44285714 | E27: =E17 -> 0.16984127 | H27: =J15 -> 0.62322473 | I27: =J16 -> 0.23948761 | J27: =J17 -> 0.13728766 | M27: =O15 -> 0.52467532 | N27: =O16 -> 0.33376623 | O27: =O17 -> 0.14155844 | R27: =T15 -> 0.51288054 | S27: =T16 -> 0.33519816 | T27: =T17 -> 0.15192131
C29: =C25/C27 -> 3.0204918 | D29: =D25/D27 -> 3.0250896 | E29: =E25/E27 -> 3.0093458 | H29: =H25/H27 -> 3.0339589 | I29: =I25/I27 -> 3.0139535 | J29: =J25/J27 -> 3.0070994 | M29: =M25/M27 -> 3.0816832 | N29: =N25/N27 -> 3.0583658 | O29: =O25/O27 -> 3.0214067 | R29: =R25/R27 -> 3.0420201 | S29: =S25/S27 -> 3.0298306 | T29: =T25/T27 -> 3.0122773
D31: lambda | E31: =AVERAGE(C29:E29) -> 3.0183091 | I31: lambda | J31: =AVERAGE(H29:J29) -> 3.0183373 | N31: lambda | O31: =AVERAGE(M29:O29) -> 3.0538186 | S31: lambda | T31: =AVERAGE(R29:T29) -> 3.0280427
D32: CI | E32: =(E31-3)/2 -> 0.0091545339 | I32: CI | J32: =(J31-3)/2 -> 0.0091686286 | N32: CI | O32: =(O31-3)/2 -> 0.026909276 | S32: CI | T32: =(T31-3)/2 -> 0.014021326
D33: CR | E33: =E32/0.52 -> 0.017604873 | I33: CR | J33: =J32/0.52 -> 0.017631978 | N33: CR | O33: =O32/0.52 -> 0.051748607 | S33: CR | T33: =T32/0.52 -> 0.026964089

Sheet UštedaUOdnosuNaPrije
C3: =B4 -> Digitalni postupak skraćuje ukupno vrijeme obrade certifikata s prosječno 3–4 radna dana na manje od 1 radnog dana, bez potrebe za fizičkom dokumentacijom. | D3: =B5 -> Remote kontrola skraćuje trajanje pregleda s prosječno 8 sati na 2–3 sata, što omogućuje provođenje većeg broja kontrola u istom radnom danu. | E3: =B6 -> Automatizirano prikupljanje prijava i potvrda skraćuje vrijeme organizacije s prosječno 5 radnih dana na 1–2 radna dana. | H3: =G4 -> Digitalni postupak skraćuje ukupno vrijeme obrade certifikata s prosječno 3–4 radna dana na manje od 1 radnog dana, bez potrebe za fizičkom dokumentacijom. | I3: =G5 -> Remote kontrola skraćuje trajanje pregleda s prosječno 8 sati na 2–3 sata, što omogućuje provođenje većeg broja kontrola u istom radnom danu. | J3: =G6 -> Automatizirano prikupljanje prijava i potvrda skraćuje vrijeme organizacije s prosječno 5 radnih dana na 1–2 radna dana. | M3: =L4 -> Digitalni postupak skraćuje ukupno vrijeme obrade certifikata s prosječno 3–4 radna dana na manje od 1 radnog dana, bez potrebe za fizičkom dokumentacijom. | N3: =L5 -> Remote kontrola skraćuje trajanje pregleda s prosječno 8 sati na 2–3 sata, što omogućuje provođenje većeg broja kontrola u istom radnom danu. | O3: =L6 -> Automatizirano prikupljanje prijava i potvrda skraćuje vrijeme organizacije s prosječno 5 radnih dana na 1–2 radna dana. | R3: =Q4 -> Digitalni postupak skraćuje ukupno vrijeme obrade certifikata s prosječno 3–4 radna dana na manje od 1 radnog dana, bez potrebe za fizičkom dokumentacijom. | S3: =Q5 -> Remote kontrola skraćuje trajanje pregleda s prosječno 8 sati na 2–3 sata, što omogućuje provođenje većeg broja kontrola u istom radnom danu. | T3: =Q6 -> Automatizirano prikupljanje prijava i potvrda skraćuje vrijeme organizacije s prosječno 5 radnih dana na 1–2 radna dana.
B4: Digitalni postupak skraćuje ukupno vrijeme obrade certifikata s prosječno 3–4 radna dana na manje od 1 radnog dana, bez potrebe za fizičkom dokumentacijom. | C4: 1 | D4: 2 | E4: 2 | G4: =B4 -> Digitalni postupak skraćuje ukupno vrijeme obrade certifikata s prosječno 3–4 radna dana na manje od 1 radnog dana, bez potrebe za fizičkom dokumentacijom. | H4: 1 | I4: 2 | J4: 3 | L4: =G4 -> Digitalni postupak skraćuje ukupno vrijeme obrade certifikata s prosječno 3–4 radna dana na manje od 1 radnog dana, bez potrebe za fizičkom dokumentacijom. | M4: 1 | N4: 3 | O4: 4 | Q4: =L4 -> Digitalni postupak skraćuje ukupno vrijeme obrade certifikata s prosječno 3–4 radna dana na manje od 1 radnog dana, bez potrebe za fizičkom dokumentacijom. | R4: =GEOMEAN(C4,H4,M4) -> 1 | S4: =GEOMEAN(D4,I4,N4) -> 2.2894285 | T4: =GEOMEAN(E4,J4,O4) -> 2.8844991
B5: Remote kontrola skraćuje trajanje pregleda s prosječno 8 sati na 2–3 sata, što omogućuje provođenje većeg broja kontrola u istom radnom danu. | C5: =1/2 -> 0.5 | D5: 1 | E5: 1 | G5: =B5 -> Remote kontrola skraćuje trajanje pregleda s prosječno 8 sati na 2–3 sata, što omogućuje provođenje većeg broja kontrola u istom radnom danu. | H5: =1/2 -> 0.5 | I5: 1 | J5: 3 | L5: =G5 -> Remote kontrola skraćuje trajanje pregleda s prosječno 8 sati na 2–3 sata, što omogućuje provođenje većeg broja kontrola u istom radnom danu. | M5: =1/3 -> 0.33333333 | N5: 1 | O5: 3 | Q5: =L5 -> Remote kontrola skraćuje trajanje pregleda s prosječno 8 sati na 2–3 sata, što omogućuje provođenje većeg broja kontrola u istom radnom danu. | R5: =GEOMEAN(C5,H5,M5) -> 0.43679023 | S5: =GEOMEAN(D5,I5,N5) -> 1 | T5: =GEOMEAN(E5,J5,O5) -> 2.0800838
B6: Automatizirano prikupljanje prijava i potvrda skraćuje vrijeme organizacije s prosječno 5 radnih dana na 1–2 radna dana. | C6: =1/2 -> 0.5 | D6: 1 | E6: 1 | G6: =B6 -> Automatizirano prikupljanje prijava i potvrda skraćuje vrijeme organizacije s prosječno 5 radnih dana na 1–2 radna dana. | H6: =1/3 -> 0.33333333 | I6: =1/3 -> 0.33333333 | J6: 1 | L6: =G6 -> Automatizirano prikupljanje prijava i potvrda skraćuje vrijeme organizacije s prosječno 5 radnih dana na 1–2 radna dana. | M6: =1/4 -> 0.25 | N6: =1/3 -> 0.33333333 | O6: 1 | Q6: =L6 -> Automatizirano prikupljanje prijava i potvrda skraćuje vrijeme organizacije s prosječno 5 radnih dana na 1–2 radna dana. | R6: =GEOMEAN(C6,H6,M6) -> 0.34668064 | S6: =GEOMEAN(D6,I6,N6) -> 0.48074986 | T6: =GEOMEAN(E6,J6,O6) -> 1
C8: =SUM(C4:C6) -> 2 | D8: =SUM(D4:D6) -> 4 | E8: =SUM(E4:E6) -> 4 | H8: =SUM(H4:H6) -> 1.8333333 | I8: =SUM(I4:I6) -> 3.3333333 | J8: =SUM(J4:J6) -> 7 | M8: =SUM(M4:M6) -> 1.5833333 | N8: =SUM(N4:N6) -> 4.3333333 | O8: =SUM(O4:O6) -> 8 | R8: =SUM(R4:R6) -> 1.7834709 | S8: =SUM(S4:S6) -> 3.7701783 | T8: =SUM(T4:T6) -> 5.964583
C11: =C4/C$8 -> 0.5 | D11: =D4/D$8 -> 0.5 | E11: =E4/E$8 -> 0.5 | H11: =H4/H$8 -> 0.54545455 | I11: =I4/I$8 -> 0.6 | J11: =J4/J$8 -> 0.42857143 | M11: =M4/M$8 -> 0.63157895 | N11: =N4/N$8 -> 0.69230769 | O11: =O4/O$8 -> 0.5 | R11: =R4/R$8 -> 0.56070442 | S11: =S4/S$8 -> 0.60724673 | T11: =T4/T$8 -> 0.4836045
C12: =C5/C$8 -> 0.25 | D12: =D5/D$8 -> 0.25 | E12: =E5/E$8 -> 0.25 | H12: =H5/H$8 -> 0.27272727 | I12: =I5/I$8 -> 0.3 | J12: =J5/J$8 -> 0.42857143 | M12: =M5/M$8 -> 0.21052632 | N12: =N5/N$8 -> 0.23076923 | O12: =O5/O$8 -> 0.375 | R12: =R5/R$8 -> 0.24491021 | S12: =S5/S$8 -> 0.26523944 | T12: =T5/T$8 -> 0.34873919
C13: =C6/C$8 -> 0.25 | D13: =D6/D$8 -> 0.25 | E13: =E6/E$8 -> 0.25 | H13: =H6/H$8 -> 0.18181818 | I13: =I6/I$8 -> 0.1 | J13: =J6/J$8 -> 0.14285714 | M13: =M6/M$8 -> 0.15789474 | N13: =N6/N$8 -> 0.076923077 | O13: =O6/O$8 -> 0.125 | R13: =R6/R$8 -> 0.19438537 | S13: =S6/S$8 -> 0.12751382 | T13: =T6/T$8 -> 0.16765631
D15: =B4 -> Digitalni postupak skraćuje ukupno vrijeme obrade certifikata s prosječno 3–4 radna dana na manje od 1 radnog dana, bez potrebe za fizičkom dokumentacijom. | E15: =AVERAGE(C11:E11) -> 0.5 | I15: =G4 -> Digitalni postupak skraćuje ukupno vrijeme obrade certifikata s prosječno 3–4 radna dana na manje od 1 radnog dana, bez potrebe za fizičkom dokumentacijom. | J15: =AVERAGE(H11:J11) -> 0.52467532 | N15: =L4 -> Digitalni postupak skraćuje ukupno vrijeme obrade certifikata s prosječno 3–4 radna dana na manje od 1 radnog dana, bez potrebe za fizičkom dokumentacijom. | O15: =AVERAGE(M11:O11) -> 0.60796221 | S15: =Q4 -> Digitalni postupak skraćuje ukupno vrijeme obrade certifikata s prosječno 3–4 radna dana na manje od 1 radnog dana, bez potrebe za fizičkom dokumentacijom. | T15: =AVERAGE(R11:T11) -> 0.55051855
D16: =B5 -> Remote kontrola skraćuje trajanje pregleda s prosječno 8 sati na 2–3 sata, što omogućuje provođenje većeg broja kontrola u istom radnom danu. | E16: =AVERAGE(C12:E12) -> 0.25 | I16: =G5 -> Remote kontrola skraćuje trajanje pregleda s prosječno 8 sati na 2–3 sata, što omogućuje provođenje većeg broja kontrola u istom radnom danu. | J16: =AVERAGE(H12:J12) -> 0.33376623 | N16: =L5 -> Remote kontrola skraćuje trajanje pregleda s prosječno 8 sati na 2–3 sata, što omogućuje provođenje većeg broja kontrola u istom radnom danu. | O16: =AVERAGE(M12:O12) -> 0.27209852 | S16: =Q5 -> Remote kontrola skraćuje trajanje pregleda s prosječno 8 sati na 2–3 sata, što omogućuje provođenje većeg broja kontrola u istom radnom danu. | T16: =AVERAGE(R12:T12) -> 0.28629628
D17: =B6 -> Automatizirano prikupljanje prijava i potvrda skraćuje vrijeme organizacije s prosječno 5 radnih dana na 1–2 radna dana. | E17: =AVERAGE(C13:E13) -> 0.25 | I17: =G6 -> Automatizirano prikupljanje prijava i potvrda skraćuje vrijeme organizacije s prosječno 5 radnih dana na 1–2 radna dana. | J17: =AVERAGE(H13:J13) -> 0.14155844 | N17: =L6 -> Automatizirano prikupljanje prijava i potvrda skraćuje vrijeme organizacije s prosječno 5 radnih dana na 1–2 radna dana. | O17: =AVERAGE(M13:O13) -> 0.11993927 | S17: =Q6 -> Automatizirano prikupljanje prijava i potvrda skraćuje vrijeme organizacije s prosječno 5 radnih dana na 1–2 radna dana. | T17: =AVERAGE(R13:T13) -> 0.16318517
B19: konzistentnost | G19: konzistentnost | L19: konzistentnost | Q19: konzistentnost
C21: =C4*E$15 -> 0.5 | D21: =D4*E$16 -> 0.5 | E21: =E4*E$17 -> 0.5 | H21: =H4*J$15 -> 0.52467532 | I21: =I4*J$16 -> 0.66753247 | J21: =J4*J$17 -> 0.42467532 | M21: =M4*O$15 -> 0.60796221 | N21: =N4*O$16 -> 0.81629555 | O21: =O4*O$17 -> 0.47975709 | R21: =R4*T$15 -> 0.55051855 | S21: =S4*T$16 -> 0.65545486 | T21: =T4*T$17 -> 0.47070748
C22: =C5*E$15 -> 0.25 | D22: =D5*E$16 -> 0.25 | E22: =E5*E$17 -> 0.25 | H22: =H5*J$15 -> 0.26233766 | I22: =I5*J$16 -> 0.33376623 | J22: =J5*J$17 -> 0.42467532 | M22: =M5*O$15 -> 0.20265407 | N22: =N5*O$16 -> 0.27209852 | O22: =O5*O$17 -> 0.35981781 | R22: =R5*T$15 -> 0.24046113 | S22: =S5*T$16 -> 0.28629628 | T22: =T5*T$17 -> 0.33943883
C23: =C6*E$15 -> 0.25 | D23: =D6*E$16 -> 0.25 | E23: =E6*E$17 -> 0.25 | H23: =H6*J$15 -> 0.17489177 | I23: =I6*J$16 -> 0.11125541 | J23: =J6*J$17 -> 0.14155844 | M23: =M6*O$15 -> 0.15199055 | N23: =N6*O$16 -> 0.090699505 | O23: =O6*O$17 -> 0.11993927 | R23: =R6*T$15 -> 0.19085412 | S23: =S6*T$16 -> 0.1376369 | T23: =T6*T$17 -> 0.16318517
C25: =SUM(C21:E21) -> 1.5 | D25: =SUM(C22:E22) -> 0.75 | E25: =SUM(C23:E23) -> 0.75 | H25: =SUM(H21:J21) -> 1.6168831 | I25: =SUM(H22:J22) -> 1.0207792 | J25: =SUM(H23:J23) -> 0.42770563 | M25: =SUM(M21:O21) -> 1.9040148 | N25: =SUM(M22:O22) -> 0.8345704 | O25: =SUM(M23:O23) -> 0.36262933 | R25: =SUM(R21:T21) -> 1.6766809 | S25: =SUM(R22:T22) -> 0.86619624 | T25: =SUM(R23:T23) -> 0.49167619
C27: =E15 -> 0.5 | D27: =E16 -> 0.25 | E27: =E17 -> 0.25 | H27: =J15 -> 0.52467532 | I27: =J16 -> 0.33376623 | J27: =J17 -> 0.14155844 | M27: =O15 -> 0.60796221 | N27: =O16 -> 0.27209852 | O27: =O17 -> 0.11993927 | R27: =T15 -> 0.55051855 | S27: =T16 -> 0.28629628 | T27: =T17 -> 0.16318517
C29: =C25/C27 -> 3 | D29: =D25/D27 -> 3 | E29: =E25/E27 -> 3 | H29: =H25/H27 -> 3.0816832 | I29: =I25/I27 -> 3.0583658 | J29: =J25/J27 -> 3.0214067 | M29: =M25/M27 -> 3.131798 | N29: =N25/N27 -> 3.0671626 | O29: =O25/O27 -> 3.0234412 | R29: =R25/R27 -> 3.0456392 | S29: =S25/S27 -> 3.0255239 | T29: =T25/T27 -> 3.0129956
D31: lambda | E31: =AVERAGE(C29:E29) -> 3 | I31: lambda | J31: =AVERAGE(H29:J29) -> 3.0538186 | N31: lambda | O31: =AVERAGE(M29:O29) -> 3.0741339 | S31: lambda | T31: =AVERAGE(R29:T29) -> 3.0280529
D32: CI | E32: =(E31-3)/2 -> 0 | I32: CI | J32: =(J31-3)/2 -> 0.026909276 | N32: CI | O32: =(O31-3)/2 -> 0.037066967 | S32: CI | T32: =(T31-3)/2 -> 0.014026442
D33: CR | E33: =E32/0.52 -> 0 | I33: CR | J33: =J32/0.52 -> 0.051748607 | N33: CR | O33: =O32/0.52 -> 0.071282629 | S33: CR | T33: =T32/0.52 -> 0.026973928

Sheet TrošakProvedbeProcesa
C3: =B4 -> Automatizacijom se eliminira oko 80 % ručnih administrativnih aktivnosti, čime se trošak obrade jednog certifikata smanjuje za približno 25–30 %. | D3: =B5 -> Uklanjanjem terenskih pregleda i putnih troškova, trošak pojedinačne kontrole smanjuje se za 30–40 %, uz zadržavanje potrebne razine stručne provjere. | E3: =B6 -> Digitalno planiranje, prijave i evidencija smanjuju operativne troškove pripreme programa za približno 20–25 % u odnosu na ručno planiranje. | H3: =G4 -> Automatizacijom se eliminira oko 80 % ručnih administrativnih aktivnosti, čime se trošak obrade jednog certifikata smanjuje za približno 25–30 %. | I3: =G5 -> Uklanjanjem terenskih pregleda i putnih troškova, trošak pojedinačne kontrole smanjuje se za 30–40 %, uz zadržavanje potrebne razine stručne provjere. | J3: =G6 -> Digitalno planiranje, prijave i evidencija smanjuju operativne troškove pripreme programa za približno 20–25 % u odnosu na ručno planiranje. | M3: =L4 -> Automatizacijom se eliminira oko 80 % ručnih administrativnih aktivnosti, čime se trošak obrade jednog certifikata smanjuje za približno 25–30 %. | N3: =L5 -> Uklanjanjem terenskih pregleda i putnih troškova, trošak pojedinačne kontrole smanjuje se za 30–40 %, uz zadržavanje potrebne razine stručne provjere. | O3: =L6 -> Digitalno planiranje, prijave i evidencija smanjuju operativne troškove pripreme programa za približno 20–25 % u odnosu na ručno planiranje. | R3: =Q4 -> Automatizacijom se eliminira oko 80 % ručnih administrativnih aktivnosti, čime se trošak obrade jednog certifikata smanjuje za približno 25–30 %. | S3: =Q5 -> Uklanjanjem terenskih pregleda i putnih troškova, trošak pojedinačne kontrole smanjuje se za 30–40 %, uz zadržavanje potrebne razine stručne provjere. | T3: =Q6 -> Digitalno planiranje, prijave i evidencija smanjuju operativne troškove pripreme programa za približno 20–25 % u odnosu na ručno planiranje.
B4: Automatizacijom se eliminira oko 80 % ručnih administrativnih aktivnosti, čime se trošak obrade jednog certifikata smanjuje za približno 25–30 %. | C4: 1 | D4: 1 | E4: 2 | G4: =B4 -> Automatizacijom se eliminira oko 80 % ručnih administrativnih aktivnosti, čime se trošak obrade jednog certifikata smanjuje za približno 25–30 %. | H4: 1 | I4: 2 | J4: 3 | L4: =G4 -> Automatizacijom se eliminira oko 80 % ručnih administrativnih aktivnosti, čime se trošak obrade jednog certifikata smanjuje za približno 25–30 %. | M4: 1 | N4: 1 | O4: 3 | Q4: =L4 -> Automatizacijom se eliminira oko 80 % ručnih administrativnih aktivnosti, čime se trošak obrade jednog certifikata smanjuje za približno 25–30 %. | R4: =GEOMEAN(C4,H4,M4) -> 1 | S4: =GEOMEAN(D4,I4,N4) -> 1.259921 | T4: =GEOMEAN(E4,J4,O4) -> 2.6207414
B5: Uklanjanjem terenskih pregleda i putnih troškova, trošak pojedinačne kontrole smanjuje se za 30–40 %, uz zadržavanje potrebne razine stručne provjere. | C5: 1 | D5: 1 | E5: 3 | G5: =B5 -> Uklanjanjem terenskih pregleda i putnih troškova, trošak pojedinačne kontrole smanjuje se za 30–40 %, uz zadržavanje potrebne razine stručne provjere. | H5: =1/2 -> 0.5 | I5: 1 | J5: 3 | L5: =G5 -> Uklanjanjem terenskih pregleda i putnih troškova, trošak pojedinačne kontrole smanjuje se za 30–40 %, uz zadržavanje potrebne razine stručne provjere. | M5: 1 | N5: 1 | O5: 4 | Q5: =L5 -> Uklanjanjem terenskih pregleda i putnih troškova, trošak pojedinačne kontrole smanjuje se za 30–40 %, uz zadržavanje potrebne razine stručne provjere. | R5: =GEOMEAN(C5,H5,M5) -> 0.79370053 | S5: =GEOMEAN(D5,I5,N5) -> 1 | T5: =GEOMEAN(E5,J5,O5) -> 3.3019272
B6: Digitalno planiranje, prijave i evidencija smanjuju operativne troškove pripreme programa za približno 20–25 % u odnosu na ručno planiranje. | C6: =1/2 -> 0.5 | D6: =1/3 -> 0.33333333 | E6: 1 | G6: =B6 -> Digitalno planiranje, prijave i evidencija smanjuju operativne troškove pripreme programa za približno 20–25 % u odnosu na ručno planiranje. | H6: =1/3 -> 0.33333333 | I6: =1/3 -> 0.33333333 | J6: 1 | L6: =G6 -> Digitalno planiranje, prijave i evidencija smanjuju operativne troškove pripreme programa za približno 20–25 % u odnosu na ručno planiranje. | M6: =1/3 -> 0.33333333 | N6: =1/4 -> 0.25 | O6: 1 | Q6: =L6 -> Digitalno planiranje, prijave i evidencija smanjuju operativne troškove pripreme programa za približno 20–25 % u odnosu na ručno planiranje. | R6: =GEOMEAN(C6,H6,M6) -> 0.38157141 | S6: =GEOMEAN(D6,I6,N6) -> 0.30285343 | T6: =GEOMEAN(E6,J6,O6) -> 1
C8: =SUM(C4:C6) -> 2.5 | D8: =SUM(D4:D6) -> 2.3333333 | E8: =SUM(E4:E6) -> 6 | H8: =SUM(H4:H6) -> 1.8333333 | I8: =SUM(I4:I6) -> 3.3333333 | J8: =SUM(J4:J6) -> 7 | M8: =SUM(M4:M6) -> 2.3333333 | N8: =SUM(N4:N6) -> 2.25 | O8: =SUM(O4:O6) -> 8 | R8: =SUM(R4:R6) -> 2.1752719 | S8: =SUM(S4:S6) -> 2.5627745 | T8: =SUM(T4:T6) -> 6.9226686
C11: =C4/C$8 -> 0.4 | D11: =D4/D$8 -> 0.42857143 | E11: =E4/E$8 -> 0.33333333 | H11: =H4/H$8 -> 0.54545455 | I11: =I4/I$8 -> 0.6 | J11: =J4/J$8 -> 0.42857143 | M11: =M4/M$8 -> 0.42857143 | N11: =N4/N$8 -> 0.44444444 | O11: =O4/O$8 -> 0.375 | R11: =R4/R$8 -> 0.45971264 | S11: =S4/S$8 -> 0.49162385 | T11: =T4/T$8 -> 0.37857386
C12: =C5/C$8 -> 0.4 | D12: =D5/D$8 -> 0.42857143 | E12: =E5/E$8 -> 0.5 | H12: =H5/H$8 -> 0.27272727 | I12: =I5/I$8 -> 0.3 | J12: =J5/J$8 -> 0.42857143 | M12: =M5/M$8 -> 0.42857143 | N12: =N5/N$8 -> 0.44444444 | O12: =O5/O$8 -> 0.5 | R12: =R5/R$8 -> 0.36487416 | S12: =S5/S$8 -> 0.39020211 | T12: =T5/T$8 -> 0.47697318
C13: =C6/C$8 -> 0.2 | D13: =D6/D$8 -> 0.14285714 | E13: =E6/E$8 -> 0.16666667 | H13: =H6/H$8 -> 0.18181818 | I13: =I6/I$8 -> 0.1 | J13: =J6/J$8 -> 0.14285714 | M13: =M6/M$8 -> 0.14285714 | N13: =N6/N$8 -> 0.11111111 | O13: =O6/O$8 -> 0.125 | R13: =R6/R$8 -> 0.1754132 | S13: =S6/S$8 -> 0.11817405 | T13: =T6/T$8 -> 0.14445296
D15: =B4 -> Automatizacijom se eliminira oko 80 % ručnih administrativnih aktivnosti, čime se trošak obrade jednog certifikata smanjuje za približno 25–30 %. | E15: =AVERAGE(C11:E11) -> 0.38730159 | I15: =G4 -> Automatizacijom se eliminira oko 80 % ručnih administrativnih aktivnosti, čime se trošak obrade jednog certifikata smanjuje za približno 25–30 %. | J15: =AVERAGE(H11:J11) -> 0.52467532 | N15: =L4 -> Automatizacijom se eliminira oko 80 % ručnih administrativnih aktivnosti, čime se trošak obrade jednog certifikata smanjuje za približno 25–30 %. | O15: =AVERAGE(M11:O11) -> 0.41600529 | S15: =Q4 -> Automatizacijom se eliminira oko 80 % ručnih administrativnih aktivnosti, čime se trošak obrade jednog certifikata smanjuje za približno 25–30 %. | T15: =AVERAGE(R11:T11) -> 0.44330345
D16: =B5 -> Uklanjanjem terenskih pregleda i putnih troškova, trošak pojedinačne kontrole smanjuje se za 30–40 %, uz zadržavanje potrebne razine stručne provjere. | E16: =AVERAGE(C12:E12) -> 0.44285714 | I16: =G5 -> Uklanjanjem terenskih pregleda i putnih troškova, trošak pojedinačne kontrole smanjuje se za 30–40 %, uz zadržavanje potrebne razine stručne provjere. | J16: =AVERAGE(H12:J12) -> 0.33376623 | N16: =L5 -> Uklanjanjem terenskih pregleda i putnih troškova, trošak pojedinačne kontrole smanjuje se za 30–40 %, uz zadržavanje potrebne razine stručne provjere. | O16: =AVERAGE(M12:O12) -> 0.45767196 | S16: =Q5 -> Uklanjanjem terenskih pregleda i putnih troškova, trošak pojedinačne kontrole smanjuje se za 30–40 %, uz zadržavanje potrebne razine stručne provjere. | T16: =AVERAGE(R12:T12) -> 0.41068315
D17: =B6 -> Digitalno planiranje, prijave i evidencija smanjuju operativne troškove pripreme programa za približno 20–25 % u odnosu na ručno planiranje. | E17: =AVERAGE(C13:E13) -> 0.16984127 | I17: =G6 -> Digitalno planiranje, prijave i evidencija smanjuju operativne troškove pripreme programa za približno 20–25 % u odnosu na ručno planiranje. | J17: =AVERAGE(H13:J13) -> 0.14155844 | N17: =L6 -> Digitalno planiranje, prijave i evidencija smanjuju operativne troškove pripreme programa za približno 20–25 % u odnosu na ručno planiranje. | O17: =AVERAGE(M13:O13) -> 0.12632275 | S17: =Q6 -> Digitalno planiranje, prijave i evidencija smanjuju operativne troškove pripreme programa za približno 20–25 % u odnosu na ručno planiranje. | T17: =AVERAGE(R13:T13) -> 0.1460134
B19: konzistentnost | G19: konzistentnost | L19: konzistentnost | Q19: konzistentnost
C21: =C4*E$15 -> 0.38730159 | D21: =D4*E$16 -> 0.44285714 | E21: =E4*E$17 -> 0.33968254 | H21: =H4*J$15 -> 0.52467532 | I21: =I4*J$16 -> 0.66753247 | J21: =J4*J$17 -> 0.42467532 | M21: =M4*O$15 -> 0.41600529 | N21: =N4*O$16 -> 0.45767196 | O21: =O4*O$17 -> 0.37896825 | R21: =R4*T$15 -> 0.44330345 | S21: =S4*T$16 -> 0.51742834 | T21: =T4*T$17 -> 0.38266337
C22: =C5*E$15 -> 0.38730159 | D22: =D5*E$16 -> 0.44285714 | E22: =E5*E$17 -> 0.50952381 | H22: =H5*J$15 -> 0.26233766 | I22: =I5*J$16 -> 0.33376623 | J22: =J5*J$17 -> 0.42467532 | M22: =M5*O$15 -> 0.41600529 | N22: =N5*O$16 -> 0.45767196 | O22: =O5*O$17 -> 0.50529101 | R22: =R5*T$15 -> 0.35185018 | S22: =S5*T$16 -> 0.41068315 | T22: =T5*T$17 -> 0.48212564
C23: =C6*E$15 -> 0.19365079 | D23: =D6*E$16 -> 0.14761905 | E23: =E6*E$17 -> 0.16984127 | H23: =H6*J$15 -> 0.17489177 | I23: =I6*J$16 -> 0.11125541 | J23: =J6*J$17 -> 0.14155844 | M23: =M6*O$15 -> 0.13866843 | N23: =N6*O$16 -> 0.11441799 | O23: =O6*O$17 -> 0.12632275 | R23: =R6*T$15 -> 0.16915192 | S23: =S6*T$16 -> 0.1243768 | T23: =T6*T$17 -> 0.1460134
C25: =SUM(C21:E21) -> 1.1698413 | D25: =SUM(C22:E22) -> 1.3396825 | E25: =SUM(C23:E23) -> 0.51111111 | H25: =SUM(H21:J21) -> 1.6168831 | I25: =SUM(H22:J22) -> 1.0207792 | J25: =SUM(H23:J23) -> 0.42770563 | M25: =SUM(M21:O21) -> 1.2526455 | N25: =SUM(M22:O22) -> 1.3789683 | O25: =SUM(M23:O23) -> 0.37940917 | R25: =SUM(R21:T21) -> 1.3433952 | S25: =SUM(R22:T22) -> 1.244659 | T25: =SUM(R23:T23) -> 0.43954213
C27: =E15 -> 0.38730159 | D27: =E16 -> 0.44285714 | E27: =E17 -> 0.16984127 | H27: =J15 -> 0.52467532 | I27: =J16 -> 0.33376623 | J27: =J17 -> 0.14155844 | M27: =O15 -> 0.41600529 | N27: =O16 -> 0.45767196 | O27: =O17 -> 0.12632275 | R27: =T15 -> 0.44330345 | S27: =T16 -> 0.41068315 | T27: =T17 -> 0.1460134
C29: =C25/C27 -> 3.0204918 | D29: =D25/D27 -> 3.0250896 | E29: =E25/E27 -> 3.0093458 | H29: =H25/H27 -> 3.0816832 | I29: =I25/I27 -> 3.0583658 | J29: =J25/J27 -> 3.0214067 | M29: =M25/M27 -> 3.0111288 | N29: =N25/N27 -> 3.0130058 | O29: =O25/O27 -> 3.0034904 | R29: =R25/R27 -> 3.0304189 | S29: =S25/S27 -> 3.0307038 | T29: =T25/T27 -> 3.0102862
D31: lambda | E31: =AVERAGE(C29:E29) -> 3.0183091 | I31: lambda | J31: =AVERAGE(H29:J29) -> 3.0538186 | N31: lambda | O31: =AVERAGE(M29:O29) -> 3.0092083 | S31: lambda | T31: =AVERAGE(R29:T29) -> 3.023803
D32: CI | E32: =(E31-3)/2 -> 0.0091545339 | I32: CI | J32: =(J31-3)/2 -> 0.026909276 | N32: CI | O32: =(O31-3)/2 -> 0.0046041596 | S32: CI | T32: =(T31-3)/2 -> 0.011901477
D33: CR | E33: =E32/0.52 -> 0.017604873 | I33: CR | J33: =J32/0.52 -> 0.051748607 | N33: CR | O33: =O32/0.52 -> 0.0088541531 | S33: CR | T33: =T32/0.52 -> 0.022887455

Sheet PKFinancijskaUčinkovitost
C2: =B3 -> trošak | D2: =B4 -> ušteda | G2: =F3 -> trošak | H2: =F4 -> ušteda | K2: =J3 -> trošak | L2: =J4 -> ušteda | O2: =N3 -> trošak | P2: =N4 -> ušteda
B3: trošak | C3: 1 | D3: 2 | F3: =B3 -> trošak | G3: 1 | H3: 2 | J3: =F3 -> trošak | K3: 1 | L3: 1 | N3: =J3 -> trošak | O3: =GEOMEAN(C3,G3,K3) -> 1 | P3: =GEOMEAN(D3,H3,L3) -> 1.5874011
B4: ušteda | C4: =1/2 -> 0.5 | D4: 1 | F4: =B4 -> ušteda | G4: =1/2 -> 0.5 | H4: 1 | J4: =F4 -> ušteda | K4: 1 | L4: 1 | N4: =J4 -> ušteda | O4: =GEOMEAN(C4,G4,K4) -> 0.62996052 | P4: =GEOMEAN(D4,H4,L4) -> 1
C6: =SUM(C3:C4) -> 1.5 | D6: =SUM(D3:D4) -> 3 | G6: =SUM(G3:G4) -> 1.5 | H6: =SUM(H3:H4) -> 3 | K6: =SUM(K3:K4) -> 2 | L6: =SUM(L3:L4) -> 2 | O6: =SUM(O3:O4) -> 1.6299605 | P6: =SUM(P3:P4) -> 2.5874011
C8: =C3/C$6 -> 0.66666667 | D8: =D3/D$6 -> 0.66666667 | G8: =G3/G$6 -> 0.66666667 | H8: =H3/H$6 -> 0.66666667 | K8: =K3/K$6 -> 0.5 | L8: =L3/L$6 -> 0.5 | O8: =O3/O$6 -> 0.61351179 | P8: =P3/P$6 -> 0.61351179
C9: =C4/C$6 -> 0.33333333 | D9: =D4/D$6 -> 0.33333333 | G9: =G4/G$6 -> 0.33333333 | H9: =H4/H$6 -> 0.33333333 | K9: =K4/K$6 -> 0.5 | L9: =L4/L$6 -> 0.5 | O9: =O4/O$6 -> 0.38648821 | P9: =P4/P$6 -> 0.38648821
C11: =B3 -> trošak | D11: =AVERAGE(C8:D8) -> 0.66666667 | G11: =F3 -> trošak | H11: =AVERAGE(G8:H8) -> 0.66666667 | K11: =J3 -> trošak | L11: =AVERAGE(K8:L8) -> 0.5 | O11: =N3 -> trošak | P11: =AVERAGE(O8:P8) -> 0.61351179
C12: =B4 -> ušteda | D12: =AVERAGE(C9:D9) -> 0.33333333 | G12: =F4 -> ušteda | H12: =AVERAGE(G9:H9) -> 0.33333333 | K12: =J4 -> ušteda | L12: =AVERAGE(K9:L9) -> 0.5 | O12: =N4 -> ušteda | P12: =AVERAGE(O9:P9) -> 0.38648821

Sheet PKKvalitetaTočnost
C2: =B3 -> točnost | D2: =B4 -> pogreške | G2: =F3 -> točnost | H2: =F4 -> pogreške | K2: =J3 -> točnost | L2: =J4 -> pogreške | O2: =N3 -> točnost | P2: =N4 -> pogreške
B3: točnost | C3: 1 | D3: 2 | F3: =B3 -> točnost | G3: 1 | H3: 1 | J3: =F3 -> točnost | K3: 1 | L3: =1/2 -> 0.5 | N3: =J3 -> točnost | O3: =GEOMEAN(C3,G3,K3) -> 1 | P3: =GEOMEAN(D3,H3,L3) -> 1
B4: pogreške | C4: =1/2 -> 0.5 | D4: 1 | F4: =B4 -> pogreške | G4: 1 | H4: 1 | J4: =F4 -> pogreške | K4: 2 | L4: 1 | N4: =J4 -> pogreške | O4: =GEOMEAN(C4,G4,K4) -> 1 | P4: =GEOMEAN(D4,H4,L4) -> 1
C6: =SUM(C3:C4) -> 1.5 | D6: =SUM(D3:D4) -> 3 | G6: =SUM(G3:G4) -> 2 | H6: =SUM(H3:H4) -> 2 | K6: =SUM(K3:K4) -> 3 | L6: =SUM(L3:L4) -> 1.5 | O6: =SUM(O3:O4) -> 2 | P6: =SUM(P3:P4) -> 2
C8: =C3/C$6 -> 0.66666667 | D8: =D3/D$6 -> 0.66666667 | G8: =G3/G$6 -> 0.5 | H8: =H3/H$6 -> 0.5 | K8: =K3/K$6 -> 0.33333333 | L8: =L3/L$6 -> 0.33333333 | O8: =O3/O$6 -> 0.5 | P8: =P3/P$6 -> 0.5
C9: =C4/C$6 -> 0.33333333 | D9: =D4/D$6 -> 0.33333333 | G9: =G4/G$6 -> 0.5 | H9: =H4/H$6 -> 0.5 | K9: =K4/K$6 -> 0.66666667 | L9: =L4/L$6 -> 0.66666667 | O9: =O4/O$6 -> 0.5 | P9: =P4/P$6 -> 0.5
C11: =B3 -> točnost | D11: =AVERAGE(C8:D8) -> 0.66666667 | G11: =F3 -> točnost | H11: =AVERAGE(G8:H8) -> 0.5 | K11: =J3 -> točnost | L11: =AVERAGE(K8:L8) -> 0.33333333 | O11: =N3 -> točnost | P11: =AVERAGE(O8:P8) -> 0.5
C12: =B4 -> pogreške | D12: =AVERAGE(C9:D9) -> 0.33333333 | G12: =F4 -> pogreške | H12: =AVERAGE(G9:H9) -> 0.5 | K12: =J4 -> pogreške | L12: =AVERAGE(K9:L9) -> 0.66666667 | O12: =N4 -> pogreške | P12: =AVERAGE(O9:P9) -> 0.5

Sheet PKUbrzanjeProcesa
C2: =B3 -> trajanje | D2: =B4 -> automatizacija | G2: =F3 -> trajanje | H2: =F4 -> automatizacija | K2: =J3 -> trajanje | L2: =J4 -> automatizacija | O2: =N3 -> trajanje | P2: =N4 -> automatizacija
B3: trajanje | C3: 1 | D3: 2 | F3: =B3 -> trajanje | G3: 1 | H3: 3 | J3: =F3 -> trajanje | K3: 1 | L3: =1/3 -> 0.33333333 | N3: =J3 -> trajanje | O3: =GEOMEAN(C3,G3,K3) -> 1 | P3: =GEOMEAN(D3,H3,L3) -> 1.259921
B4: automatizacija | C4: =1/2 -> 0.5 | D4: 1 | F4: =B4 -> automatizacija | G4: =1/3 -> 0.33333333 | H4: 1 | J4: =F4 -> automatizacija | K4: 3 | L4: 1 | N4: =J4 -> automatizacija | O4: =GEOMEAN(C4,G4,K4) -> 0.79370053 | P4: =GEOMEAN(D4,H4,L4) -> 1
C6: =SUM(C3:C4) -> 1.5 | D6: =SUM(D3:D4) -> 3 | G6: =SUM(G3:G4) -> 1.3333333 | H6: =SUM(H3:H4) -> 4 | K6: =SUM(K3:K4) -> 4 | L6: =SUM(L3:L4) -> 1.3333333 | O6: =SUM(O3:O4) -> 1.7937005 | P6: =SUM(P3:P4) -> 2.259921
C8: =C3/C$6 -> 0.66666667 | D8: =D3/D$6 -> 0.66666667 | G8: =G3/G$6 -> 0.75 | H8: =H3/H$6 -> 0.75 | K8: =K3/K$6 -> 0.25 | L8: =L3/L$6 -> 0.25 | O8: =O3/O$6 -> 0.55750667 | P8: =P3/P$6 -> 0.55750667
C9: =C4/C$6 -> 0.33333333 | D9: =D4/D$6 -> 0.33333333 | G9: =G4/G$6 -> 0.25 | H9: =H4/H$6 -> 0.25 | K9: =K4/K$6 -> 0.75 | L9: =L4/L$6 -> 0.75 | O9: =O4/O$6 -> 0.44249333 | P9: =P4/P$6 -> 0.44249333
C11: =B3 -> trajanje | D11: =AVERAGE(C8:D8) -> 0.66666667 | G11: =F3 -> trajanje | H11: =AVERAGE(G8:H8) -> 0.75 | K11: =J3 -> trajanje | L11: =AVERAGE(K8:L8) -> 0.25 | O11: =N3 -> trajanje | P11: =AVERAGE(O8:P8) -> 0.55750667
C12: =B4 -> automatizacija | D12: =AVERAGE(C9:D9) -> 0.33333333 | G12: =F4 -> automatizacija | H12: =AVERAGE(G9:H9) -> 0.25 | K12: =J4 -> automatizacija | L12: =AVERAGE(K9:L9) -> 0.75 | O12: =N4 -> automatizacija | P12: =AVERAGE(O9:P9) -> 0.44249333

Sheet PKLjudskiResursi
C2: =B3 -> ručne op | D2: =B4 -> br ljudi | G2: =F3 -> ručne op | H2: =F4 -> br ljudi | K2: =J3 -> ručne op | L2: =J4 -> br ljudi | O2: =N3 -> ručne op | P2: =N4 -> br ljudi
B3: ručne op | C3: 1 | D3: 4 | F3: =B3 -> ručne op | G3: 1 | H3: =1/2 -> 0.5 | J3: =F3 -> ručne op | K3: 1 | L3: 2 | N3: =J3 -> ručne op | O3: =GEOMEAN(C3,G3,K3) -> 1 | P3: =GEOMEAN(D3,H3,L3) -> 1.5874011
B4: br ljudi | C4: =1/4 -> 0.25 | D4: 1 | F4: =B4 -> br ljudi | G4: 2 | H4: 1 | J4: =F4 -> br ljudi | K4: =1/2 -> 0.5 | L4: 1 | N4: =J4 -> br ljudi | O4: =GEOMEAN(C4,G4,K4) -> 0.62996052 | P4: =GEOMEAN(D4,H4,L4) -> 1
C6: =SUM(C3:C4) -> 1.25 | D6: =SUM(D3:D4) -> 5 | G6: =SUM(G3:G4) -> 3 | H6: =SUM(H3:H4) -> 1.5 | K6: =SUM(K3:K4) -> 1.5 | L6: =SUM(L3:L4) -> 3 | O6: =SUM(O3:O4) -> 1.6299605 | P6: =SUM(P3:P4) -> 2.5874011
C8: =C3/C$6 -> 0.8 | D8: =D3/D$6 -> 0.8 | G8: =G3/G$6 -> 0.33333333 | H8: =H3/H$6 -> 0.33333333 | K8: =K3/K$6 -> 0.66666667 | L8: =L3/L$6 -> 0.66666667 | O8: =O3/O$6 -> 0.61351179 | P8: =P3/P$6 -> 0.61351179
C9: =C4/C$6 -> 0.2 | D9: =D4/D$6 -> 0.2 | G9: =G4/G$6 -> 0.66666667 | H9: =H4/H$6 -> 0.66666667 | K9: =K4/K$6 -> 0.33333333 | L9: =L4/L$6 -> 0.33333333 | O9: =O4/O$6 -> 0.38648821 | P9: =P4/P$6 -> 0.38648821
C11: =B3 -> ručne op | D11: =AVERAGE(C8:D8) -> 0.8 | G11: =F3 -> ručne op | H11: =AVERAGE(G8:H8) -> 0.33333333 | K11: =J3 -> ručne op | L11: =AVERAGE(K8:L8) -> 0.66666667 | O11: =N3 -> ručne op | P11: =AVERAGE(O8:P8) -> 0.61351179
C12: =B4 -> br ljudi | D12: =AVERAGE(C9:D9) -> 0.2 | G12: =F4 -> br ljudi | H12: =AVERAGE(G9:H9) -> 0.66666667 | K12: =J4 -> br ljudi | L12: =AVERAGE(K9:L9) -> 0.33333333 | O12: =N4 -> br ljudi | P12: =AVERAGE(O9:P9) -> 0.38648821

Sheet PKPoboljšanjeIskustva
C2: =B3 -> transparentnost | D2: =B4 -> komunikacija | G2: =F3 -> transparentnost | H2: =F4 -> komunikacija | K2: =J3 -> transparentnost | L2: =J4 -> komunikacija | O2: =N3 -> transparentnost | P2: =N4 -> komunikacija
B3: transparentnost | C3: 1 | D3: =1/2 -> 0.5 | F3: =B3 -> transparentnost | G3: 1 | H3: 1 | J3: =F3 -> transparentnost | K3: 1 | L3: 3 | N3: =J3 -> transparentnost | O3: =GEOMEAN(C3,G3,K3) -> 1 | P3: =GEOMEAN(D3,H3,L3) -> 1.1447142
B4: komunikacija | C4: 2 | D4: 1 | F4: =B4 -> komunikacija | G4: 1 | H4: 1 | J4: =F4 -> komunikacija | K4: =1/3 -> 0.33333333 | L4: 1 | N4: =J4 -> komunikacija | O4: =GEOMEAN(C4,G4,K4) -> 0.87358046 | P4: =GEOMEAN(D4,H4,L4) -> 1
C6: =SUM(C3:C4) -> 3 | D6: =SUM(D3:D4) -> 1.5 | G6: =SUM(G3:G4) -> 2 | H6: =SUM(H3:H4) -> 2 | K6: =SUM(K3:K4) -> 1.3333333 | L6: =SUM(L3:L4) -> 4 | O6: =SUM(O3:O4) -> 1.8735805 | P6: =SUM(P3:P4) -> 2.1447142
C8: =C3/C$6 -> 0.33333333 | D8: =D3/D$6 -> 0.33333333 | G8: =G3/G$6 -> 0.5 | H8: =H3/H$6 -> 0.5 | K8: =K3/K$6 -> 0.75 | L8: =L3/L$6 -> 0.75 | O8: =O3/O$6 -> 0.53373742 | P8: =P3/P$6 -> 0.53373742
C9: =C4/C$6 -> 0.66666667 | D9: =D4/D$6 -> 0.66666667 | G9: =G4/G$6 -> 0.5 | H9: =H4/H$6 -> 0.5 | K9: =K4/K$6 -> 0.25 | L9: =L4/L$6 -> 0.25 | O9: =O4/O$6 -> 0.46626258 | P9: =P4/P$6 -> 0.46626258
C11: =B3 -> transparentnost | D11: =AVERAGE(C8:D8) -> 0.33333333 | G11: =F3 -> transparentnost | H11: =AVERAGE(G8:H8) -> 0.5 | K11: =J3 -> transparentnost | L11: =AVERAGE(K8:L8) -> 0.75 | O11: =N3 -> transparentnost | P11: =AVERAGE(O8:P8) -> 0.53373742
C12: =B4 -> komunikacija | D12: =AVERAGE(C9:D9) -> 0.66666667 | G12: =F4 -> komunikacija | H12: =AVERAGE(G9:H9) -> 0.5 | K12: =J4 -> komunikacija | L12: =AVERAGE(K9:L9) -> 0.25 | O12: =N4 -> komunikacija | P12: =AVERAGE(O9:P9) -> 0.46626258

Sheet PKUtjecajNaOrgUčinkovitost
C3: =B4 -> koordinacija | D3: =B5 -> administrativno | E3: =B6 -> praćenje | H3: =G4 -> koordinacija | I3: =G5 -> administrativno | J3: =G6 -> praćenje | M3: =L4 -> koordinacija | N3: =L5 -> administrativno | O3: =L6 -> praćenje | R3: =Q4 -> koordinacija | S3: =Q5 -> administrativno | T3: =Q6 -> praćenje
B4: koordinacija | C4: 1 | D4: =1/3 -> 0.33333333 | E4: =1/2 -> 0.5 | G4: =B4 -> koordinacija | H4: 1 | I4: =1/2 -> 0.5 | J4: 1 | L4: =G4 -> koordinacija | M4: 1 | N4: =1/2 -> 0.5 | O4: 1 | Q4: =L4 -> koordinacija | R4: =GEOMEAN(C4,H4,M4) -> 1 | S4: =GEOMEAN(D4,I4,N4) -> 0.43679023 | T4: =GEOMEAN(E4,J4,O4) -> 0.79370053
B5: administrativno | C5: 3 | D5: 1 | E5: 2 | G5: =B5 -> administrativno | H5: 2 | I5: 1 | J5: 3 | L5: =G5 -> administrativno | M5: 2 | N5: 1 | O5: 2 | Q5: =L5 -> administrativno | R5: =GEOMEAN(C5,H5,M5) -> 2.2894285 | S5: =GEOMEAN(D5,I5,N5) -> 1 | T5: =GEOMEAN(E5,J5,O5) -> 2.2894285
B6: praćenje | C6: 2 | D6: =1/2 -> 0.5 | E6: 1 | G6: =B6 -> praćenje | H6: 1 | I6: =1/3 -> 0.33333333 | J6: 1 | L6: =G6 -> praćenje | M6: 1 | N6: =1/2 -> 0.5 | O6: 1 | Q6: =L6 -> praćenje | R6: =GEOMEAN(C6,H6,M6) -> 1.259921 | S6: =GEOMEAN(D6,I6,N6) -> 0.43679023 | T6: =GEOMEAN(E6,J6,O6) -> 1
C8: =SUM(C4:C6) -> 6 | D8: =SUM(D4:D6) -> 1.8333333 | E8: =SUM(E4:E6) -> 3.5 | H8: =SUM(H4:H6) -> 4 | I8: =SUM(I4:I6) -> 1.8333333 | J8: =SUM(J4:J6) -> 5 | M8: =SUM(M4:M6) -> 4 | N8: =SUM(N4:N6) -> 2 | O8: =SUM(O4:O6) -> 4 | R8: =SUM(R4:R6) -> 4.5493495 | S8: =SUM(S4:S6) -> 1.8735805 | T8: =SUM(T4:T6) -> 4.083129
C11: =C4/C$8 -> 0.16666667 | D11: =D4/D$8 -> 0.18181818 | E11: =E4/E$8 -> 0.14285714 | H11: =H4/H$8 -> 0.25 | I11: =I4/I$8 -> 0.27272727 | J11: =J4/J$8 -> 0.2 | M11: =M4/M$8 -> 0.25 | N11: =N4/N$8 -> 0.25 | O11: =O4/O$8 -> 0.25 | R11: =R4/R$8 -> 0.21981164 | S11: =S4/S$8 -> 0.23313129 | T11: =T4/T$8 -> 0.19438537
C12: =C5/C$8 -> 0.5 | D12: =D5/D$8 -> 0.54545455 | E12: =E5/E$8 -> 0.57142857 | H12: =H5/H$8 -> 0.5 | I12: =I5/I$8 -> 0.54545455 | J12: =J5/J$8 -> 0.6 | M12: =M5/M$8 -> 0.5 | N12: =N5/N$8 -> 0.5 | O12: =O5/O$8 -> 0.5 | R12: =R5/R$8 -> 0.50324304 | S12: =S5/S$8 -> 0.53373742 | T12: =T5/T$8 -> 0.56070442
C13: =C6/C$8 -> 0.33333333 | D13: =D6/D$8 -> 0.27272727 | E13: =E6/E$8 -> 0.28571429 | H13: =H6/H$8 -> 0.25 | I13: =I6/I$8 -> 0.18181818 | J13: =J6/J$8 -> 0.2 | M13: =M6/M$8 -> 0.25 | N13: =N6/N$8 -> 0.25 | O13: =O6/O$8 -> 0.25 | R13: =R6/R$8 -> 0.27694532 | S13: =S6/S$8 -> 0.23313129 | T13: =T6/T$8 -> 0.24491021
D15: =B4 -> koordinacija | E15: =AVERAGE(C11:E11) -> 0.16378066 | I15: =G4 -> koordinacija | J15: =AVERAGE(H11:J11) -> 0.24090909 | N15: =L4 -> koordinacija | O15: =AVERAGE(M11:O11) -> 0.25 | S15: =Q4 -> koordinacija | T15: =AVERAGE(R11:T11) -> 0.2157761
D16: =B5 -> administrativno | E16: =AVERAGE(C12:E12) -> 0.53896104 | I16: =G5 -> administrativno | J16: =AVERAGE(H12:J12) -> 0.54848485 | N16: =L5 -> administrativno | O16: =AVERAGE(M12:O12) -> 0.5 | S16: =Q5 -> administrativno | T16: =AVERAGE(R12:T12) -> 0.53256163
D17: =B6 -> praćenje | E17: =AVERAGE(C13:E13) -> 0.2972583 | I17: =G6 -> praćenje | J17: =AVERAGE(H13:J13) -> 0.21060606 | N17: =L6 -> praćenje | O17: =AVERAGE(M13:O13) -> 0.25 | S17: =Q6 -> praćenje | T17: =AVERAGE(R13:T13) -> 0.25166227
B19: konzistentnost | G19: konzistentnost | L19: konzistentnost | Q19: konzistentnost
C21: =C4*E$15 -> 0.16378066 | D21: =D4*E$16 -> 0.17965368 | E21: =E4*E$17 -> 0.14862915 | H21: =H4*J$15 -> 0.24090909 | I21: =I4*J$16 -> 0.27424242 | J21: =J4*J$17 -> 0.21060606 | M21: =M4*O$15 -> 0.25 | N21: =N4*O$16 -> 0.25 | O21: =O4*O$17 -> 0.25 | R21: =R4*T$15 -> 0.2157761 | S21: =S4*T$16 -> 0.23261772 | T21: =T4*T$17 -> 0.19974448
C22: =C5*E$15 -> 0.49134199 | D22: =D5*E$16 -> 0.53896104 | E22: =E5*E$17 -> 0.59451659 | H22: =H5*J$15 -> 0.48181818 | I22: =I5*J$16 -> 0.54848485 | J22: =J5*J$17 -> 0.63181818 | M22: =M5*O$15 -> 0.5 | N22: =N5*O$16 -> 0.5 | O22: =O5*O$17 -> 0.5 | R22: =R5*T$15 -> 0.49400395 | S22: =S5*T$16 -> 0.53256163 | T22: =T5*T$17 -> 0.57616278
C23: =C6*E$15 -> 0.32756133 | D23: =D6*E$16 -> 0.26948052 | E23: =E6*E$17 -> 0.2972583 | H23: =H6*J$15 -> 0.24090909 | I23: =I6*J$16 -> 0.18282828 | J23: =J6*J$17 -> 0.21060606 | M23: =M6*O$15 -> 0.25 | N23: =N6*O$16 -> 0.25 | O23: =O6*O$17 -> 0.25 | R23: =R6*T$15 -> 0.27186085 | S23: =S6*T$16 -> 0.23261772 | T23: =T6*T$17 -> 0.25166227
C25: =SUM(C21:E21) -> 0.49206349 | D25: =SUM(C22:E22) -> 1.6248196 | E25: =SUM(C23:E23) -> 0.89430014 | H25: =SUM(H21:J21) -> 0.72575758 | I25: =SUM(H22:J22) -> 1.6621212 | J25: =SUM(H23:J23) -> 0.63434343 | M25: =SUM(M21:O21) -> 0.75 | N25: =SUM(M22:O22) -> 1.5 | O25: =SUM(M23:O23) -> 0.75 | R25: =SUM(R21:T21) -> 0.6481383 | S25: =SUM(R22:T22) -> 1.6027284 | T25: =SUM(R23:T23) -> 0.75614084
C27: =E15 -> 0.16378066 | D27: =E16 -> 0.53896104 | E27: =E17 -> 0.2972583 | H27: =J15 -> 0.24090909 | I27: =J16 -> 0.54848485 | J27: =J17 -> 0.21060606 | M27: =O15 -> 0.25 | N27: =O16 -> 0.5 | O27: =O17 -> 0.25 | R27: =T15 -> 0.2157761 | S27: =T16 -> 0.53256163 | T27: =T17 -> 0.25166227
C29: =C25/C27 -> 3.0044053 | D29: =D25/D27 -> 3.0147256 | E29: =E25/E27 -> 3.0084951 | H29: =H25/H27 -> 3.0125786 | I29: =I25/I27 -> 3.0303867 | J29: =J25/J27 -> 3.0119904 | M29: =M25/M27 -> 3 | N29: =N25/N27 -> 3 | O29: =O25/O27 -> 3 | R29: =R25/R27 -> 3.0037539 | S29: =S25/S27 -> 3.0094702 | T29: =T25/T27 -> 3.0045856
D31: lambda | E31: =AVERAGE(C29:E29) -> 3.0092087 | I31: lambda | J31: =AVERAGE(H29:J29) -> 3.0183186 | N31: lambda | O31: =AVERAGE(M29:O29) -> 3 | S31: lambda | T31: =AVERAGE(R29:T29) -> 3.0059366
D32: CI | E32: =(E31-3)/2 -> 0.0046043335 | I32: CI | J32: =(J31-3)/2 -> 0.0091592941 | N32: CI | O32: =(O31-3)/2 -> 0 | S32: CI | T32: =(T31-3)/2 -> 0.0029682796
D33: CR | E33: =E32/0.52 -> 0.0088544875 | I33: CR | J33: =J32/0.52 -> 0.017614027 | N33: CR | O33: =O32/0.52 -> 0 | S33: CR | T33: =T32/0.52 -> 0.00570823

Sheet USLUGEUsporedbaKriteriji
C2: =B3 -> fin | D2: =B4 -> rep | E2: =B5 -> zad | F2: =B6 -> ubrz | G2: =B7 -> ljudi | H2: =B8 -> teh | K2: =J3 -> fin | L2: =J4 -> rep | M2: =J5 -> zad | N2: =J6 -> ubrz | O2: =J7 -> ljudi | P2: =J8 -> teh | S2: =R3 -> fin | T2: =R4 -> rep | U2: =R5 -> zad | V2: =R6 -> ubrz | W2: =R7 -> ljudi | X2: =R8 -> teh | AA2: =Z3 -> fin | AB2: =Z4 -> rep | AC2: =Z5 -> zad | AD2: =Z6 -> ubrz | AE2: =Z7 -> ljudi | AF2: =Z8 -> teh
B3: fin | C3: 1 | D3: 1 | E3: =1/2 -> 0.5 | F3: 2 | G3: 5 | H3: 3 | J3: =B3 -> fin | K3: 1 | L3: 2 | M3: 3 | N3: 5 | O3: 7 | P3: 4 | R3: =B3 -> fin | S3: 1 | T3: 2 | U3: 2 | V3: 4 | W3: 5 | X3: 4 | Z3: =B3 -> fin | AA3: =GEOMEAN(C3,K3,S3) -> 1 | AB3: =GEOMEAN(D3,L3,T3) -> 1.5874011 | AC3: =GEOMEAN(E3,M3,U3) -> 1.4422496 | AD3: =GEOMEAN(F3,N3,V3) -> 3.4199519 | AE3: =GEOMEAN(G3,O3,W3) -> 5.5934447 | AF3: =GEOMEAN(H3,P3,X3) -> 3.6342412
B4: rep | C4: 1 | D4: 1 | E4: =1/4 -> 0.25 | F4: 3 | G4: 5 | H4: 7 | J4: =B4 -> rep | K4: =1/2 -> 0.5 | L4: 1 | M4: 2 | N4: 4 | O4: 6 | P4: 3 | R4: =B4 -> rep | S4: =1/2 -> 0.5 | T4: 1 | U4: 2 | V4: 3 | W4: 5 | X4: 3 | Z4: =B4 -> rep | AA4: =GEOMEAN(C4,K4,S4) -> 0.62996052 | AB4: =GEOMEAN(D4,L4,T4) -> 1 | AC4: =GEOMEAN(E4,M4,U4) -> 1 | AD4: =GEOMEAN(F4,N4,V4) -> 3.3019272 | AE4: =GEOMEAN(G4,O4,W4) -> 5.3132928 | AF4: =GEOMEAN(H4,P4,X4) -> 3.9790572
B5: zad | C5: 2 | D5: 4 | E5: 1 | F5: 6 | G5: 6 | H5: 7 | J5: =B5 -> zad | K5: =1/3 -> 0.33333333 | L5: =1/2 -> 0.5 | M5: 1 | N5: 2 | O5: 4 | P5: 2 | R5: =B5 -> zad | S5: =1/2 -> 0.5 | T5: =1/2 -> 0.5 | U5: 1 | V5: 2 | W5: 3 | X5: 2 | Z5: =B5 -> zad | AA5: =GEOMEAN(C5,K5,S5) -> 0.69336127 | AB5: =GEOMEAN(D5,L5,T5) -> 1 | AC5: =GEOMEAN(E5,M5,U5) -> 1 | AD5: =GEOMEAN(F5,N5,V5) -> 2.8844991 | AE5: =GEOMEAN(G5,O5,W5) -> 4.1601676 | AF5: =GEOMEAN(H5,P5,X5) -> 3.036589
